全国地方公共団体コード,法人番号,ID,地方公共団体名,イベント名,言語コード,イベント通称,サブタイトル,イベント名_カナ,イベント名_英語,コンテンツURL,状態,キーワード,タグ,対象となる産業,開催パターン,開始日,終了日,開始時間,終了時間,開始日時特記事項,所要時間,掲載開始日,掲載終了日,概要,説明,サブイベント,イベント種類,料金(基本),料金(詳細),連絡先名称,連絡先電話番号,連絡先内線番号,主催者,共催団体,関連組織,対象者,対象者備考,場所名称,集合（受付）場所,所在地_全国地方公共団体コード,町字ID,所在地_連結表記,所在地_都道府県,所在地_市区町村,所在地_町字,所在地_番地以下,建物名等(方書),緯度,経度,アクセス方法,駐車場情報,駐車場料金,駐輪場情報,Web開催,Web開催URL,ツール・環境,定員,定員備考,料金種別,決済種別,外国語対応,外国語対応備考,開催条件,参加申込終了日,参加申込終了時間,参加申込方法,申込開始日,申込開始時刻,申込URL,URL,授乳室,おむつ替えコーナー,飲食可否,ベビーカー貸出,ベビーカー利用,画像,画像_ライセンス,備考
232025,,OK0001015696,愛知県岡崎市,岡崎市消防本部プレゼンツ「令和8年度一日消防士体験」,,,,,,https://www.city.okazaki.lg.jp/kurashi/kyukyu/1002492/1015696.html,,,その他,,,2026/08/04,2026/08/04,09:30,16:30,,,2026/06/19,2026/07/21,,大人気の夏休み恒例イベント「一日消防士体験」を今年も開催いたします！岡崎市消防本部を会場に、ホース延長体験や放水訓練などを体験できます。当日は、保護者の見学も自由となっています。お子様の消防士姿を是非ご覧ください。ご参加お待ちしております！,,,無料,,,,,,,,,,,,,,,,,,,,,,,,,,,,,各日50人（先着）,,,,,,,,,,,,,,,,,,,,,
232025,,OK0011015696,愛知県岡崎市,岡崎市消防本部プレゼンツ「令和8年度一日消防士体験」,,,,,,https://www.city.okazaki.lg.jp/kurashi/kyukyu/1002492/1015696.html,,,その他,,,2026/08/05,2026/08/05,09:30,16:30,,,2026/06/19,2026/07/21,,大人気の夏休み恒例イベント「一日消防士体験」を今年も開催いたします！岡崎市消防本部を会場に、ホース延長体験や放水訓練などを体験できます。当日は、保護者の見学も自由となっています。お子様の消防士姿を是非ご覧ください。ご参加お待ちしております！,,,無料,,,,,,,,,,,,,,,,,,,,,,,,,,,,,各日50人（先着）,,,,,,,,,,,,,,,,,,,,,
232025,,OK0001016041,愛知県岡崎市,シーホース三河の選手を迎えて「1日消防署長」を開催します！,,,,,,https://www.city.okazaki.lg.jp/kurashi/kyukyu/1002492/1016041.html,,,その他,,,2026/08/16,2026/08/16,10:00,16:00,,,2026/07/13,,,今年はプロバスケットボールチーム「シーホース三河」の選手に1日消防署長を委嘱します。選手のトークショーやクイズイベントの他、ミニ消防服の試着や消防車両の展示などご家族で楽しめる企画が満載です！是非、お越しください！,,,観覧無料,,,,,,,,,,,,,,,,,,,,,,,,,,,,,なし,,,,,,,,,,,,,,,,,,,,,
232025,,OK0001015983,愛知県岡崎市,マンション管理に関するイベント開催（セミナー・相談会）,,,,,,https://www.city.okazaki.lg.jp/kurashi/hikkoshi/1012273/1012281/1003067/1015983.html,,,その他,,,2026/08/29,2026/08/29,13:00,17:00,,,2026/07/06,,,セミナー1　管理組合運営で最低限知っておきたいこと～改正区分所有法・改正標準管理規約を踏まえて～2　その大規模修繕工事、未来へつながっていますか？～ 工事費高騰時代の修繕戦略と管理組合の選択～相談会希望者のみ（3組まで）,,,無料,,,,,,,,,,,,,,,,,,,,,,,,,,,,,・セミナー：80名（抽選）・相談会：3組（抽選）,,,,,,,2026-08-21,00:00,,,,,,,,,,,,,
232025,,OK0001016099,愛知県岡崎市,『病気のこどものきょうだいのきもち』（講演会及び交流会）を開催します,,,,,,https://www.city.okazaki.lg.jp/kosodate/kosodate/1012215/1012217/1003514/1016099.html,,,ほけん,,,2026/08/21,2026/08/21,13:30,15:30,,,2026/06/22,2026/08/21,,講演会及び交流会病気の子を心配したり、いろんな気持ちにふたをしている「きょうだい」。きょうだいさんの気持ちや見えている世界、一緒にのぞいてみませんか。,,,,,,,,,,,,,岡崎げんき館,,232025,,愛知県岡崎市若宮町2丁目1-1,愛知県,岡崎市,若宮町2丁目,1-1,,34.953255,137.180919,,,,,,,,50名（定員超過の場合は、小児慢性特定疾病受給者のご家族を優先させていただきます）,,,,,,,2026-08-07,00:00,,,,,,,,,,,,,
232025,,OK0001016152,愛知県岡崎市,『1型糖尿病　いちがたっこ交流会』（講演会及び交流会）を開催します,,,,,,https://www.city.okazaki.lg.jp/kosodate/kosodate/1012215/1012217/1003514/1016152.html,,,ほけん,,,2026/08/29,2026/08/29,14:00,16:00,,,2026/06/23,2026/08/29,,ソレイユ千種クリニックの木村先生による講演会及び1型糖尿病のお子さん・ご家族の交流会を行います。,,,,,,,,,,,,,岡崎げんき館,,232025,,愛知県岡崎市若宮町2丁目1-1,愛知県,岡崎市,若宮町2丁目,1-1,,34.953255,137.180919,,,,,,,,,,,,,,,2026-08-21,00:00,,,,,,,,,,,,,
232025,,OK0001015211,愛知県岡崎市,ペーパーティーチャー相談会,,,,,,https://www.city.okazaki.lg.jp/kosodate/kyouiku/1003747/1015211.html,,,その他,,,2026/09/04,2026/09/04,10:00,15:00,,,2026/07/01,2026/09/04,,（1）岡崎の教育について（2）待遇・福利厚生について（3）講師登録について（4）個別相談・講師登録について（希望者のみ）,,,参加費無料,,,,,,,,,,,,,,,,,,,,,,,,,,,,,,,,,,,,,,,,,,,,,,,,,,
232025,,OK0001010672,愛知県岡崎市,障がい者コミュニケーション条例講演会,,,,,,https://www.city.okazaki.lg.jp/kenko/fukushi/1003856/1003996/1010672.html,,,その他,,,2026/09/24,2026/09/24,14:00,16:20,,,2026/07/15,,,,,,,,,,,,,,,,,,,,,,,,,,,,,,,,,,,150名程度（応募多数の場合は抽選）,,,,,,,2026-09-13,00:00,,,,,,,,,,,,,
232025,,OK0001015592,愛知県岡崎市,東部市民センター講座　夏休み！親子わくわく実験教室,,,,,,https://www.city.okazaki.lg.jp/bunka/shogaigakushu/1004809/1015592.html,,,その他,,,2026/08/01,2026/08/01,13:00,15:00,,,2026/06/25,2026/08/01,,親子で楽しめる、いのちの不思議さ、大切さを学ぶ実験教室,,,教材費　子ども1人につき500円,,,,,,,,,,東部市民センター,,232025,,愛知県岡崎市山綱町天神2-9,愛知県,岡崎市,山綱町天神,2-9,,34.897381,137.242273,,,,,,,,15組（1組3人まで）,,,,,,,2026-07-21,00:00,,,,,,,,,,,,,
232025,,OK0001015601,愛知県岡崎市,大平市民センター講座　やさしいマジックショータイム（小学生編）,,,,,,https://www.city.okazaki.lg.jp/bunka/shogaigakushu/1004809/1015601.html,,,その他,,,2026/08/09,2026/08/09,10:00,11:30,,,2026/06/25,2026/08/09,,日常に役立てられるような簡単なマジックを習得してみよう,,,受講料300円　教材費200円,,,,,,,,,,大平市民センター,,232025,,愛知県岡崎市大平町皿田6,愛知県,岡崎市,大平町皿田,6,,34.938267,137.200225,,,,,,,,15名,,,,,,,2026-07-31,00:00,,,,,,,,,,,,,
232025,,OK0001015524,愛知県岡崎市,岩津市民センター講座　おじいちゃんおばあちゃんと楽しむお花のフォトフレームつくり,,,,,,https://www.city.okazaki.lg.jp/bunka/shogaigakushu/1004809/1015524.html,,,その他,,,2026/09/05,2026/09/05,10:00,12:00,,,2026/06/25,2026/09/05,,敬老の日の思い出作りにおじいちゃんおばあちゃんと一緒にフォトフレームにドライフラワーを飾って、世界に一つだけの写真たてをつくりましょう。,,,"受講料300円　教材費2,700円",,,,,,,,,,岩津市民センター,,232025,,愛知県岡崎市岩津町檀ノ上26-2,愛知県,岡崎市,岩津町檀ノ上,26-2,,35.00544,137.16801,,,,,,,,20組,,,,,,,2026-08-18,00:00,,,,,,,,,,,,,
232025,,OK0001015588,愛知県岡崎市,中央市民センター講座　キッズダンス教室,,,,,,https://www.city.okazaki.lg.jp/bunka/shogaigakushu/1004809/1015588.html,,,その他,,,2026/08/07,2026/08/07,10:30,11:30,,,2026/06/25,2026/08/21,,幼児～小学生を対象にした簡単hip-hopです。基礎のリズムどりや体幹トレーニング、そして楽しい振り付けにチャレンジしてみよう！,,,受講料300円/回,,,,,,,,,,中央市民センター,,232025,,愛知県岡崎市上六名3丁目3-7,愛知県,岡崎市,上六名3丁目,3-7,,34.947321,137.15726,,,,,,,,20名,,,,,,,2026-07-17,00:00,,,,,,,,,,,,,
232025,,OK0011015588,愛知県岡崎市,中央市民センター講座　キッズダンス教室,,,,,,https://www.city.okazaki.lg.jp/bunka/shogaigakushu/1004809/1015588.html,,,その他,,,2026/08/14,2026/08/14,10:30,11:30,,,2026/06/25,2026/08/21,,幼児～小学生を対象にした簡単hip-hopです。基礎のリズムどりや体幹トレーニング、そして楽しい振り付けにチャレンジしてみよう！,,,受講料300円/回,,,,,,,,,,中央市民センター,,232025,,愛知県岡崎市上六名3丁目3-7,愛知県,岡崎市,上六名3丁目,3-7,,34.947321,137.15726,,,,,,,,20名,,,,,,,2026-07-17,00:00,,,,,,,,,,,,,
232025,,OK0021015588,愛知県岡崎市,中央市民センター講座　キッズダンス教室,,,,,,https://www.city.okazaki.lg.jp/bunka/shogaigakushu/1004809/1015588.html,,,その他,,,2026/08/21,2026/08/21,10:30,11:30,,,2026/06/25,2026/08/21,,幼児～小学生を対象にした簡単hip-hopです。基礎のリズムどりや体幹トレーニング、そして楽しい振り付けにチャレンジしてみよう！,,,受講料300円/回,,,,,,,,,,中央市民センター,,232025,,愛知県岡崎市上六名3丁目3-7,愛知県,岡崎市,上六名3丁目,3-7,,34.947321,137.15726,,,,,,,,20名,,,,,,,2026-07-17,00:00,,,,,,,,,,,,,
232025,,OK0001015589,愛知県岡崎市,中央市民センター講座　親子で楽しく作るぷるぷるジェルキャンドル,,,,,,https://www.city.okazaki.lg.jp/bunka/shogaigakushu/1004809/1015589.html,,,その他,,,2026/08/18,2026/08/18,10:00,12:00,,,2026/06/25,2026/08/18,,夏休みの思い出にキャンドル作り！カラフルな砂や貝殻、キラキラアイテムを入れて可愛い自分だけのぷるぷるジェルキャンドルを作りましょう。,,,"受講料300円　教材費1,300円",,,,,,,,,,中央市民センター,,232025,,愛知県岡崎市上六名3丁目3-7,愛知県,岡崎市,上六名3丁目,3-7,,34.947321,137.15726,,,,,,,,15組,,,,,,,2026-07-19,00:00,,,,,,,,,,,,,
232025,,OK0001015531,愛知県岡崎市,南部市民センター講座　いのちのおはなし会　人の誕生からからだの安全～からだのお話と体験～,,,,,,https://www.city.okazaki.lg.jp/bunka/shogaigakushu/1004809/1015531.html,,,その他,,,2026/08/01,2026/08/01,13:30,15:30,,,2026/06/25,2026/08/01,,1部： 胎児人形で、重さ、大きさなどを感じる体験。2部： プライベートゾーンのお話。3部： 胎児の心臓の音を聞きます。,,,受講料300円,,,,,,,,,,南部市民センター・南部市民センター分館,,232025,,愛知県岡崎市羽根町貴登野15,愛知県,岡崎市,羽根町貴登野,15,,34.930184,137.159988,,,,,,,,25名,,,,,,,2026-07-15,00:00,,,,,,,,,,,,,
232025,,OK0001015532,愛知県岡崎市,大平市民センター講座　こねこねピザときなこあめ,,,,,,https://www.city.okazaki.lg.jp/bunka/shogaigakushu/1004809/1015532.html,,,その他,,,2026/08/14,2026/08/14,10:00,13:00,,,2026/06/25,2026/08/16,,親子で一緒にピザときなこあめを作って夏休みの思い出作ろう,,,"受講料300円/回　教材費1,200円",,,,,,,,,,大平市民センター,,232025,,愛知県岡崎市大平町皿田6,愛知県,岡崎市,大平町皿田,6,,34.938267,137.200225,,,,,,,,24名,,,,,,,2026-07-31,00:00,,,,,,,,,,,,,
232025,,OK0011015532,愛知県岡崎市,大平市民センター講座　こねこねピザときなこあめ,,,,,,https://www.city.okazaki.lg.jp/bunka/shogaigakushu/1004809/1015532.html,,,その他,,,2026/08/16,2026/08/16,10:00,13:00,,,2026/06/25,2026/08/16,,親子で一緒にピザときなこあめを作って夏休みの思い出作ろう,,,"受講料300円/回　教材費1,200円",,,,,,,,,,大平市民センター,,232025,,愛知県岡崎市大平町皿田6,愛知県,岡崎市,大平町皿田,6,,34.938267,137.200225,,,,,,,,24名,,,,,,,2026-07-31,00:00,,,,,,,,,,,,,
232025,,OK0021014970,愛知県岡崎市,六ツ美市民センター講座　はじめてのバレトン,,,,,,https://www.city.okazaki.lg.jp/bunka/shogaigakushu/1004809/1014970.html,,,その他,,,2026/07/31,2026/07/31,10:00,12:00,,,2026/06/25,2026/07/31,,バレエ・ヨガ・フィットネスの要素を取り入れた新感覚のエクササイズの基本動作を覚えて、心身をリフレッシュする初心者向けの講座です。,,,受講料300円/回,,,,,,,,,,六ツ美市民センター,,232025,,愛知県岡崎市下青野町天神64,愛知県,岡崎市,下青野町天神,64,,34.913148,137.126785,,,,,,,,20名,,,,,,,2026-06-19,00:00,,,,,,,,,,,,,
232025,,OK0041015035,愛知県岡崎市,大平市民センター講座　楊名時健康太極拳,,,,,,https://www.city.okazaki.lg.jp/bunka/shogaigakushu/1004809/1015035.html,,,その他,,,2026/08/04,2026/08/04,13:30,15:30,,,2026/06/25,2026/08/04,,心と呼吸と身体のバランスを調えながら、ゆっくり体を動かす運動で健康を図ります。,,,受講料300円/回,,,,,,,,,,大平市民センター,,232025,,愛知県岡崎市大平町皿田6,愛知県,岡崎市,大平町皿田,6,,34.938267,137.200225,,,,,,,,25名,,,,,,,2026-06-21,00:00,,,,,,,,,,,,,
232025,,OK0001015257,愛知県岡崎市,きこり塾を開催します！,,,,,,https://www.city.okazaki.lg.jp/kanko/event/1009479/1015257.html,,,パーク＆ネイチャー,,,2026/09/26,2026/09/26,09:00,16:00,,,2026/06/23,2026/11/14,,自然に触れたい方や森林に関心がある方も大歓迎！！🪵森林に関する学習やチェーンソーを使った伐倒など、全8日間のプログラムです🌲・森林の現状や間伐の必要性の学習・チェーンソーのメンテナンス等の知識の習得・チェーンソーを使った安全な小径木の伐倒作業の実習・伐倒作業の習熟・チェーンソー・クサビ・ロープ等を用いた中径木の伐倒,,,"全8回　32,000円※参加決定後お送りする納付書でお支払いいただきます。",,,,,,,,,,,,,,,,,,,,,,,,,,,,,6名,,,,,,,2026-08-31,00:00,,,,,,,,,,,https://www.city.okazaki.lg.jp/_res/projects/default_project/_page_/001/015/257/kikorijuku2026.jpg,,
232025,,OK0011015257,愛知県岡崎市,きこり塾を開催します！,,,,,,https://www.city.okazaki.lg.jp/kanko/event/1009479/1015257.html,,,パーク＆ネイチャー,,,2026/09/27,2026/09/27,09:00,16:00,,,2026/06/23,2026/11/14,,自然に触れたい方や森林に関心がある方も大歓迎！！🪵森林に関する学習やチェーンソーを使った伐倒など、全8日間のプログラムです🌲・森林の現状や間伐の必要性の学習・チェーンソーのメンテナンス等の知識の習得・チェーンソーを使った安全な小径木の伐倒作業の実習・伐倒作業の習熟・チェーンソー・クサビ・ロープ等を用いた中径木の伐倒,,,"全8回　32,000円※参加決定後お送りする納付書でお支払いいただきます。",,,,,,,,,,,,,,,,,,,,,,,,,,,,,6名,,,,,,,2026-08-31,00:00,,,,,,,,,,,https://www.city.okazaki.lg.jp/_res/projects/default_project/_page_/001/015/257/kikorijuku2026.jpg,,
232025,,OK0021015257,愛知県岡崎市,きこり塾を開催します！,,,,,,https://www.city.okazaki.lg.jp/kanko/event/1009479/1015257.html,,,パーク＆ネイチャー,,,2026/10/03,2026/10/03,09:00,16:00,,,2026/06/23,2026/11/14,,自然に触れたい方や森林に関心がある方も大歓迎！！🪵森林に関する学習やチェーンソーを使った伐倒など、全8日間のプログラムです🌲・森林の現状や間伐の必要性の学習・チェーンソーのメンテナンス等の知識の習得・チェーンソーを使った安全な小径木の伐倒作業の実習・伐倒作業の習熟・チェーンソー・クサビ・ロープ等を用いた中径木の伐倒,,,"全8回　32,000円※参加決定後お送りする納付書でお支払いいただきます。",,,,,,,,,,,,,,,,,,,,,,,,,,,,,6名,,,,,,,2026-08-31,00:00,,,,,,,,,,,https://www.city.okazaki.lg.jp/_res/projects/default_project/_page_/001/015/257/kikorijuku2026.jpg,,
232025,,OK0031015257,愛知県岡崎市,きこり塾を開催します！,,,,,,https://www.city.okazaki.lg.jp/kanko/event/1009479/1015257.html,,,パーク＆ネイチャー,,,2026/10/10,2026/10/10,09:00,16:00,,,2026/06/23,2026/11/14,,自然に触れたい方や森林に関心がある方も大歓迎！！🪵森林に関する学習やチェーンソーを使った伐倒など、全8日間のプログラムです🌲・森林の現状や間伐の必要性の学習・チェーンソーのメンテナンス等の知識の習得・チェーンソーを使った安全な小径木の伐倒作業の実習・伐倒作業の習熟・チェーンソー・クサビ・ロープ等を用いた中径木の伐倒,,,"全8回　32,000円※参加決定後お送りする納付書でお支払いいただきます。",,,,,,,,,,,,,,,,,,,,,,,,,,,,,6名,,,,,,,2026-08-31,00:00,,,,,,,,,,,https://www.city.okazaki.lg.jp/_res/projects/default_project/_page_/001/015/257/kikorijuku2026.jpg,,
232025,,OK0041015257,愛知県岡崎市,きこり塾を開催します！,,,,,,https://www.city.okazaki.lg.jp/kanko/event/1009479/1015257.html,,,パーク＆ネイチャー,,,2026/10/17,2026/10/17,09:00,16:00,,,2026/06/23,2026/11/14,,自然に触れたい方や森林に関心がある方も大歓迎！！🪵森林に関する学習やチェーンソーを使った伐倒など、全8日間のプログラムです🌲・森林の現状や間伐の必要性の学習・チェーンソーのメンテナンス等の知識の習得・チェーンソーを使った安全な小径木の伐倒作業の実習・伐倒作業の習熟・チェーンソー・クサビ・ロープ等を用いた中径木の伐倒,,,"全8回　32,000円※参加決定後お送りする納付書でお支払いいただきます。",,,,,,,,,,,,,,,,,,,,,,,,,,,,,6名,,,,,,,2026-08-31,00:00,,,,,,,,,,,https://www.city.okazaki.lg.jp/_res/projects/default_project/_page_/001/015/257/kikorijuku2026.jpg,,
232025,,OK0051015257,愛知県岡崎市,きこり塾を開催します！,,,,,,https://www.city.okazaki.lg.jp/kanko/event/1009479/1015257.html,,,パーク＆ネイチャー,,,2026/10/31,2026/10/31,09:00,16:00,,,2026/06/23,2026/11/14,,自然に触れたい方や森林に関心がある方も大歓迎！！🪵森林に関する学習やチェーンソーを使った伐倒など、全8日間のプログラムです🌲・森林の現状や間伐の必要性の学習・チェーンソーのメンテナンス等の知識の習得・チェーンソーを使った安全な小径木の伐倒作業の実習・伐倒作業の習熟・チェーンソー・クサビ・ロープ等を用いた中径木の伐倒,,,"全8回　32,000円※参加決定後お送りする納付書でお支払いいただきます。",,,,,,,,,,,,,,,,,,,,,,,,,,,,,6名,,,,,,,2026-08-31,00:00,,,,,,,,,,,https://www.city.okazaki.lg.jp/_res/projects/default_project/_page_/001/015/257/kikorijuku2026.jpg,,
232025,,OK0061015257,愛知県岡崎市,きこり塾を開催します！,,,,,,https://www.city.okazaki.lg.jp/kanko/event/1009479/1015257.html,,,パーク＆ネイチャー,,,2026/11/07,2026/11/07,09:00,16:00,,,2026/06/23,2026/11/14,,自然に触れたい方や森林に関心がある方も大歓迎！！🪵森林に関する学習やチェーンソーを使った伐倒など、全8日間のプログラムです🌲・森林の現状や間伐の必要性の学習・チェーンソーのメンテナンス等の知識の習得・チェーンソーを使った安全な小径木の伐倒作業の実習・伐倒作業の習熟・チェーンソー・クサビ・ロープ等を用いた中径木の伐倒,,,"全8回　32,000円※参加決定後お送りする納付書でお支払いいただきます。",,,,,,,,,,,,,,,,,,,,,,,,,,,,,6名,,,,,,,2026-08-31,00:00,,,,,,,,,,,https://www.city.okazaki.lg.jp/_res/projects/default_project/_page_/001/015/257/kikorijuku2026.jpg,,
232025,,OK0071015257,愛知県岡崎市,きこり塾を開催します！,,,,,,https://www.city.okazaki.lg.jp/kanko/event/1009479/1015257.html,,,パーク＆ネイチャー,,,2026/11/14,2026/11/14,09:00,16:00,,,2026/06/23,2026/11/14,,自然に触れたい方や森林に関心がある方も大歓迎！！🪵森林に関する学習やチェーンソーを使った伐倒など、全8日間のプログラムです🌲・森林の現状や間伐の必要性の学習・チェーンソーのメンテナンス等の知識の習得・チェーンソーを使った安全な小径木の伐倒作業の実習・伐倒作業の習熟・チェーンソー・クサビ・ロープ等を用いた中径木の伐倒,,,"全8回　32,000円※参加決定後お送りする納付書でお支払いいただきます。",,,,,,,,,,,,,,,,,,,,,,,,,,,,,6名,,,,,,,2026-08-31,00:00,,,,,,,,,,,https://www.city.okazaki.lg.jp/_res/projects/default_project/_page_/001/015/257/kikorijuku2026.jpg,,
232025,,OK0021013858,愛知県岡崎市,「第25期ネイチャークラブ（通年制）」の会員を募集します,,,,,,https://www.city.okazaki.lg.jp/kanko/event/1009479/1013858.html,,,パーク＆ネイチャー,,,2026/08/08,2026/08/08,09:30,14:30,＊今年度は「通年制」での実施となります。＊やむをえず変更する場合があります,,2026/03/24,2027/02/28,,炊飯活動、創作活動、昆虫観察、カヌー体験、鮎つかみ、落ち葉スキーなど※刃物や火を扱うなど、危険を伴う活動も行います。,,,"6,000円（6回分）",,,,,,,,,,,,,,,,,,,,,,,,,,,,,35名（応募者多数の場合は抽選、初参加者優先）,,,,,,,2026-03-16,00:00,,,,,,,,,,,,,
232025,,OK0031013858,愛知県岡崎市,「第25期ネイチャークラブ（通年制）」の会員を募集します,,,,,,https://www.city.okazaki.lg.jp/kanko/event/1009479/1013858.html,,,パーク＆ネイチャー,,,2026/12/05,2026/12/05,09:30,14:30,＊今年度は「通年制」での実施となります。＊やむをえず変更する場合があります,,2026/03/24,2027/02/28,,炊飯活動、創作活動、昆虫観察、カヌー体験、鮎つかみ、落ち葉スキーなど※刃物や火を扱うなど、危険を伴う活動も行います。,,,"6,000円（6回分）",,,,,,,,,,,,,,,,,,,,,,,,,,,,,35名（応募者多数の場合は抽選、初参加者優先）,,,,,,,2026-03-16,00:00,,,,,,,,,,,,,
232025,,OK0041013858,愛知県岡崎市,「第25期ネイチャークラブ（通年制）」の会員を募集します,,,,,,https://www.city.okazaki.lg.jp/kanko/event/1009479/1013858.html,,,パーク＆ネイチャー,,,2027/01/23,2027/01/23,09:30,14:30,＊今年度は「通年制」での実施となります。＊やむをえず変更する場合があります,,2026/03/24,2027/02/28,,炊飯活動、創作活動、昆虫観察、カヌー体験、鮎つかみ、落ち葉スキーなど※刃物や火を扱うなど、危険を伴う活動も行います。,,,"6,000円（6回分）",,,,,,,,,,,,,,,,,,,,,,,,,,,,,35名（応募者多数の場合は抽選、初参加者優先）,,,,,,,2026-03-16,00:00,,,,,,,,,,,,,
232025,,OK0051013858,愛知県岡崎市,「第25期ネイチャークラブ（通年制）」の会員を募集します,,,,,,https://www.city.okazaki.lg.jp/kanko/event/1009479/1013858.html,,,パーク＆ネイチャー,,,2027/02/27,2027/02/27,09:30,14:30,＊今年度は「通年制」での実施となります。＊やむをえず変更する場合があります,,2026/03/24,2027/02/28,,炊飯活動、創作活動、昆虫観察、カヌー体験、鮎つかみ、落ち葉スキーなど※刃物や火を扱うなど、危険を伴う活動も行います。,,,"6,000円（6回分）",,,,,,,,,,,,,,,,,,,,,,,,,,,,,35名（応募者多数の場合は抽選、初参加者優先）,,,,,,,2026-03-16,00:00,,,,,,,,,,,,,
232025,,OK0001014945,愛知県岡崎市,プレミアムコンサートシリーズ　ルノー・カプソン　ヴァイオリン・リサイタル,,,,,,https://www.city.okazaki.lg.jp/kanko/event/1009558/1014945.html,,,芸術＆文化,,,2026/10/03,2026/10/03,15:00,17:00,,,2026/04/06,,,世界で名だたるオーケストラや名指揮者と共演し、世界で活躍しているヴァイオリニストがコロネットに初登場！出演者:ルノー・カプソン（ヴァイオリン）ギョーム・ベロン（ピアノ）曲目：ブラームス：ヴァイオリン・ソナタ第1番 ト長調　Op.78「雨の歌]第2番　イ長調 Op.100第3番　ニ短調 Op.108　ほか,,,"一般：5,500円　学生（25歳以下）：2,000円",,,,,,,,,,シビックセンター,,232025,,愛知県岡崎市羽根町貴登野15,愛知県,岡崎市,羽根町貴登野,15,,34.930184,137.159988,,,,,,,,,,,,,,,,,,,,,,,,,,,,,
232025,,OK0001011067,愛知県岡崎市,岡崎市制110周年記念「Jazz Live　小川晋平クインテット」,,,,,,https://www.city.okazaki.lg.jp/kanko/event/1009558/1011067.html,,,芸術＆文化,,,2026/09/12,2026/09/12,15:30,17:30,,,2026/07/03,,,市内ジャズボランティアグループと岡崎市で組織する「ジャズの街岡崎発信連絡協議会」の事業として、岡崎市制110周年記念 「Jazz Live 小川晋平クインテット」を開催します。Jazzの街岡崎アンバサダー小川晋平率いる同世代ジャズミュージシャン達と紡ぎだす音の祭典をぜひお楽しみください。出演者　・小川晋平（b）※Jazzの街岡崎アンバサダー　・加納奈実（as）　・大林武司（p）　・山崎隼（ds）　・きたいくにと（perc）,,,"入場料　3,500円　1,000円（未就学児）※要事前連絡　※当日、受付でお支払いください。",,,,,,,,,,図書館交流プラザりぶら,,232025,,愛知県岡崎市康生通西4丁目71,愛知県,岡崎市,康生通西4丁目,71,,34.959504,137.159495,,,,,,,,280人（先着）,,,,,,,,,,,,,,,,,,,,,
232025,,OK0001013090,愛知県岡崎市,りぶらジャズオーケストラJr.岡崎Beanzzの練習見学会を開催します！,,,,,,https://www.city.okazaki.lg.jp/kanko/event/1009558/1013090.html,,,芸術＆文化,,,2026/08/08,2026/08/08,13:30,16:30,,,2026/06/29,2026/10/01,,,,,参加費無料（事前申込不要）希望の開催日に直接会場までお越しください。途中入退出は自由です。,,,,,,,,,,図書館交流プラザりぶら,,232025,,愛知県岡崎市康生通西4丁目71,愛知県,岡崎市,康生通西4丁目,71,,34.959504,137.159495,,,,,,,,,,,,,,,,,,,,,,,,,,,,,
232025,,OK0011013090,愛知県岡崎市,りぶらジャズオーケストラJr.岡崎Beanzzの練習見学会を開催します！,,,,,,https://www.city.okazaki.lg.jp/kanko/event/1009558/1013090.html,,,芸術＆文化,,,2026/08/22,2026/08/22,13:30,16:30,,,2026/06/29,2026/10/01,,,,,参加費無料（事前申込不要）希望の開催日に直接会場までお越しください。途中入退出は自由です。,,,,,,,,,,図書館交流プラザりぶら,,232025,,愛知県岡崎市康生通西4丁目71,愛知県,岡崎市,康生通西4丁目,71,,34.959504,137.159495,,,,,,,,,,,,,,,,,,,,,,,,,,,,,
232025,,OK0001015683,愛知県岡崎市,第21回岡崎市サイクリング大会,,,,,,https://www.city.okazaki.lg.jp/kanko/event/1009572/1015683.html,,,スポーツ,,,2026/09/13,2026/09/13,07:20,14:00,,,2026/06/24,2026/09/14,,,,,,,,,,,,,,,,,,,,,,,,,,,,,,,,,,,,,,,,,,,,,,,,,,,,,,,
232025,,OK0001015699,愛知県岡崎市,第79回岡崎市民水泳大会,,,,,,https://www.city.okazaki.lg.jp/kanko/event/1009572/1015699.html,,,スポーツ,,,2026/09/05,2026/09/05,08:50,12:00,,,2026/06/24,2026/09/06,,,,,,,,,,,,,,,,,,,,,,,,,,,,,,,,,,,,,,,,,,,,,,,,,,,,,,,
232025,,OK0001015689,愛知県岡崎市,第67回岡崎市総合剣道大会,,,,,,https://www.city.okazaki.lg.jp/kanko/event/1009572/1015689.html,,,スポーツ,,,2026/09/27,2026/09/27,09:30,16:00,,,2026/06/24,2026/09/28,,,,,,,,,,,,,,,,,,,,,,,,,,,,,,,,,,,,,,,,,,,,,,,,,,,,,,,
232025,,OK0001015703,愛知県岡崎市,第58回岡崎市民陸上競技選手権大会,,,,,,https://www.city.okazaki.lg.jp/kanko/event/1009572/1015703.html,,,スポーツ,,,2026/09/05,2026/09/05,09:00,16:00,,,2026/06/24,2026/09/06,,,,,,,,,,,,,,,,,,,,,,,,,,,,,,,,,,,,,,,,,,,,,,,,,,,,,,,
232025,,OK0001015560,愛知県岡崎市,岡崎市制110周年記念事業 第24回岡崎図書館まつりを開催します,,,,,,https://www.city.okazaki.lg.jp/kanko/event/1009594/1015560.html,,,パパママ＆ベビー,,,2026/07/09,2026/08/11,09:00,21:00,,,2026/06/16,2026/08/11,,岡崎市制110周年記念事業 第24回岡崎図書館まつりを開催します。詳しくは岡崎市立中央図書館ホームページをご確認ください。,,,,,,,,,,,,,,,,,,,,,,,,,,,,,,,,,,,,,,,,,,,,,,,,,,,,,
232025,,OK0011009612,愛知県岡崎市,PAPATOパークおかざき,,,,,,https://www.city.okazaki.lg.jp/kanko/event/1009594/1009612.html,,,パパママ＆ベビー,,,2026/08/29,2026/08/29,10:00,12:00,,,2026/06/23,,,公園などにパパとこどもが集まって、パパ同士の交流を図る「PAPATOパークおかざき」を開催します。ママも参加できますので、ご家族でお気軽にお越しください。,,,なし（直接会場にお越しください。）,,,,,,,,,,岡崎げんき館,,232025,,愛知県岡崎市若宮町2丁目1-1,愛知県,岡崎市,若宮町2丁目,1-1,,34.953255,137.180919,,,,,,,,,,,,,,,,,,,,,,,,,,,https://www.city.okazaki.lg.jp/_res/projects/default_project/_page_/001/009/612/001.jpg,,
232025,,OK0021009612,愛知県岡崎市,PAPATOパークおかざき,,,,,,https://www.city.okazaki.lg.jp/kanko/event/1009594/1009612.html,,,パパママ＆ベビー,,,2026/10/17,2026/10/17,10:00,12:00,,,2026/06/23,,,公園などにパパとこどもが集まって、パパ同士の交流を図る「PAPATOパークおかざき」を開催します。ママも参加できますので、ご家族でお気軽にお越しください。,,,なし（直接会場にお越しください。）,,,,,,,,,,岡崎げんき館,,232025,,愛知県岡崎市若宮町2丁目1-1,愛知県,岡崎市,若宮町2丁目,1-1,,34.953255,137.180919,,,,,,,,,,,,,,,,,,,,,,,,,,,https://www.city.okazaki.lg.jp/_res/projects/default_project/_page_/001/009/612/001.jpg,,
232025,,OK0031009612,愛知県岡崎市,PAPATOパークおかざき,,,,,,https://www.city.okazaki.lg.jp/kanko/event/1009594/1009612.html,,,パパママ＆ベビー,,,2026/11/07,2026/11/07,10:00,12:00,,,2026/06/23,,,公園などにパパとこどもが集まって、パパ同士の交流を図る「PAPATOパークおかざき」を開催します。ママも参加できますので、ご家族でお気軽にお越しください。,,,なし（直接会場にお越しください。）,,,,,,,,,,岡崎げんき館,,232025,,愛知県岡崎市若宮町2丁目1-1,愛知県,岡崎市,若宮町2丁目,1-1,,34.953255,137.180919,,,,,,,,,,,,,,,,,,,,,,,,,,,https://www.city.okazaki.lg.jp/_res/projects/default_project/_page_/001/009/612/001.jpg,,
232025,,OK0001012992,愛知県岡崎市,夏休み親子教室「ガラスタイルでデコっちゃおう！」,,,,,,https://www.city.okazaki.lg.jp/kanko/event/1009594/1012992.html,,,パパママ＆ベビー,,,2026/08/17,2026/08/17,09:30,15:30,,,2026/06/25,2026/08/18,,色とりどりのリサイクルガラスタイルで家の形のフォトフレームを飾りつけます。,,,"1,000円※　受講料は、受講日に現金でお支払いいただきます。",,,,,,,,,,,,,,,,,,,,,,,,,,,,,各部20人,,,,,,,2026-07-24,00:00,,,,,,,,,,,,,
232025,,OK0001012986,愛知県岡崎市,夏休み親子教室「きらきら☆ガラス小物を作ろう！」,,,,,,https://www.city.okazaki.lg.jp/kanko/event/1009594/1012986.html,,,パパママ＆ベビー,,,2026/07/31,2026/07/31,09:30,15:30,,,2026/06/25,2026/08/01,,色ガラス板を重ねて溶かし、リサイクルガラスのアクセサリーやオーナメントなどを作ります。,,,"1,000円※　受講料は、受講日に現金でお支払いいただきます。",,,,,,,,,,,,,,,,,,,,,,,,,,,,,各部　小学生20人の親子,,,,,,,2026-07-08,00:00,,,,,,,,,,,,,
232025,,OK0001015889,愛知県岡崎市,岡崎城下家康公夏まつり,,,,,,https://www.city.okazaki.lg.jp/kanko/event/1009636/1015889.html,,,その他,,,2026/08/09,2026/08/09,17:00,20:45,,,2026/07/03,2026/08/10,,長持練り込み、岡崎おどり、えびすくい音頭、竹千代みこし、味噌六太鼓台担ぎ上げほか※交通規制に伴い、名鉄バスの巡回運転による遅れなどが想定されます。詳しくは名鉄バス株式会社（21-1918）へ,,,,,,,,,,,,,,,,,,,,,,,,,,,,,,,,,,,,,,,,,,,,,,,,,,,,,
232025,,OK0001015684,愛知県岡崎市,出張マザーズハローワーク　親子deキャリアin岡崎,,,,,,https://www.city.okazaki.lg.jp/kanko/event/1009636/1015684.html,,,その他,,,2026/08/06,2026/08/06,10:00,12:00,,,2026/06/23,,,・親子で対話をし、一緒に考えるキャリアセミナー・個別相談会,,,無料,,,,,,,,,,,,,,,,,,,,,,,,,,,,,10組（定員を超えた場合は抽選）,,,,,,,2026-07-27,00:00,,,,,,,,,,,,,
232025,,OK0001015624,愛知県岡崎市,「心も体もリフレッシュ！はじめてのZUMBA」を開催します。,,,,,,https://www.city.okazaki.lg.jp/kanko/event/1009636/1015624.html,,,スポーツ,,,2026/08/22,2026/08/22,10:00,11:30,,,2026/06/24,2026/08/13,,初心者向けZUMBAを楽しむとともに、フィリピンの文化についても学ぶ。,,,無料,,,,,,,,,,図書館交流プラザりぶら,,232025,,愛知県岡崎市康生通西4丁目71,愛知県,岡崎市,康生通西4丁目,71,,34.959504,137.159495,,,,,,,, 40名（定員を超えた場合は抽選）,,,,,,,2026-08-12,00:00,,,,,,,,,,,,,
232025,,OK0001015033,愛知県岡崎市,岡崎市制110周年記念事業　岡崎城下家康公夏まつり第78回花火大会,,,,,,https://www.city.okazaki.lg.jp/kanko/event/1009636/1015033.html,,,その他,,,2026/08/01,2026/08/01,19:00,20:30,,,2026/05/27,,,,,,,,,,,,,,,,,,,,,,,,,,,,,,,,,,,,,,,,,,,,,,,,,,,,,,,,
232025,,OK0011009540,愛知県岡崎市,夏休みこども教室　水のちがいを解け,,,,,,https://www.city.okazaki.lg.jp/kanko/event/1009636/1009540.html,,,その他,,,2026/07/31,2026/07/31,10:00,11:30,,,2026/06/19,2026/08/01,,pH（ピーエイチ）の違いで色が変わる物質を使って、身近な液体の酸性、アルカリ性を調べる実験をする。,,,無料,,,,,,,,,,,,,,,,,,,,,,,,,,,,,各日　16人（抽選）,,,,,,,2026-07-09,00:00,,,,,,,,,,,,,
232025,,OK0001015113,愛知県岡崎市,犬のしつけ相談（令和8年8月）,,,,,,https://www.city.okazaki.lg.jp/kanko/event/1009636/1015113.html,,,その他,,,2026/08/05,2026/08/05,10:00,12:00,,,2026/04/29,2026/08/05,,飼い犬の行動について、しつけの専門家に相談することができます。必ず飼い犬と参加してください。,,,500円,,,,,,,,,,,,,,,,,,,,,,,,,,,,,先着8組,,,,,,,,,,,,,,,,,,,,,
232025,,OK0001015147,愛知県岡崎市,犬のしつけ相談（令和8年9月）,,,,,,https://www.city.okazaki.lg.jp/kanko/event/1009636/1015147.html,,,その他,,,2026/09/16,2026/09/16,10:00,16:00,,,2026/04/29,2026/09/16,,飼い犬の行動について、しつけの専門家に相談することができます。必ず飼い犬と参加してください。,,,500円,,,,,,,,,,,,,,,,,,,,,,,,,,,,,午前午後　先着8組,,,,,,,,,,,,,,,,,,,,,
232025,,OK0001015110,愛知県岡崎市,パピースクール（令和8年9月）,,,,,,https://www.city.okazaki.lg.jp/kanko/event/1009636/1015110.html,,,その他,,,2026/09/12,2026/09/12,10:00,12:00,,,2026/04/29,2026/09/12,,人間や他の犬と快適に暮らすための子犬の社会化,,,500円,,,,,,,,,,,,,,,,,,,,,,,,,,,,,5組,,,,,,,,,,,,,,,,,,,,,
232025,,OK0001015574,愛知県岡崎市,創業塾,,,,,,https://www.city.okazaki.lg.jp/kanko/event/1009636/1015574.html,,,その他,,,2026/08/18,2026/08/18,13:30,17:30,,,2026/06/19,,,8月18日（火曜日）&nbsp;【経営】　創業の心構え、知っておくべきこと【財務】　資金調達（融資）の方法【販路開拓】　ターゲットの設定と販路開拓の手法&nbsp;8月25日（火曜日）【財務】　税務の基礎知識【経営】　創業計画書作成・ブラッシュアップ&nbsp;9月1日（火曜日）【人材育成】　求人・採用時の留意点と労務の基本【経営】　創業計画のプレゼンテーション&nbsp;※全3日間のご参加をお勧めしますが、ご興味のあるテーマのみの参加も可能です。,,,無料,,,,,,,,,,,,,,,,,,,,,,,,,,,,,定員40人（先着）,,,,,,,,,,,,,,,,,,,,,
232025,,OK0011015574,愛知県岡崎市,創業塾,,,,,,https://www.city.okazaki.lg.jp/kanko/event/1009636/1015574.html,,,その他,,,2026/08/25,2026/08/25,13:30,17:30,,,2026/06/19,,,8月18日（火曜日）&nbsp;【経営】　創業の心構え、知っておくべきこと【財務】　資金調達（融資）の方法【販路開拓】　ターゲットの設定と販路開拓の手法&nbsp;8月25日（火曜日）【財務】　税務の基礎知識【経営】　創業計画書作成・ブラッシュアップ&nbsp;9月1日（火曜日）【人材育成】　求人・採用時の留意点と労務の基本【経営】　創業計画のプレゼンテーション&nbsp;※全3日間のご参加をお勧めしますが、ご興味のあるテーマのみの参加も可能です。,,,無料,,,,,,,,,,,,,,,,,,,,,,,,,,,,,定員40人（先着）,,,,,,,,,,,,,,,,,,,,,
232025,,OK0021015574,愛知県岡崎市,創業塾,,,,,,https://www.city.okazaki.lg.jp/kanko/event/1009636/1015574.html,,,その他,,,2026/09/01,2026/09/01,13:30,17:30,,,2026/06/19,,,8月18日（火曜日）&nbsp;【経営】　創業の心構え、知っておくべきこと【財務】　資金調達（融資）の方法【販路開拓】　ターゲットの設定と販路開拓の手法&nbsp;8月25日（火曜日）【財務】　税務の基礎知識【経営】　創業計画書作成・ブラッシュアップ&nbsp;9月1日（火曜日）【人材育成】　求人・採用時の留意点と労務の基本【経営】　創業計画のプレゼンテーション&nbsp;※全3日間のご参加をお勧めしますが、ご興味のあるテーマのみの参加も可能です。,,,無料,,,,,,,,,,,,,,,,,,,,,,,,,,,,,定員40人（先着）,,,,,,,,,,,,,,,,,,,,,
232025,,OK0011016087,愛知県岡崎市,あにもで保護された犬猫について調べてみよう！を開催します,,,,,,https://www.city.okazaki.lg.jp/kanko/event/1009636/1016087.html,,,その他,,,2026/08/08,2026/08/08,13:30,15:00,,,2026/07/06,,,市内の小学生を対象とした自由研究イベントを開催します。動物総合センターで保護されている犬猫についてのお話と施設見学写真撮影可能です。写真の利用は自由研究に限定し、SNSへの投稿はお控えください。,,,無料,,,,,,,,,,,,,,,,,,,,,,,,,,,,,各日程20名程度。同伴者は1名まで。小学生未満の児童は参加できません。,,,,,,,,,,,,,,,,,,,,,
232025,,OK0001015106,愛知県岡崎市,犬の事前講習会（令和8年8月）,,,,,,https://www.city.okazaki.lg.jp/kanko/event/1009636/1015106.html,,,その他,,,2026/08/05,2026/08/05,13:30,14:30,,,2026/04/29,2026/08/05,,犬とはどんな動物か、犬に関係する法律について、犬を飼う前に考えていただきたいこと、動物総合センターから犬を譲渡するときの手続きについてお話します。,,,無料,,,,,,,,,,,,,,,,,,,,,,,,,,,,,先着10組,,,,,,,,,,,,,,,,,,,,,
232025,,OK0001015107,愛知県岡崎市,犬の事前講習会（令和8年9月）,,,,,,https://www.city.okazaki.lg.jp/kanko/event/1009636/1015107.html,,,その他,,,2026/09/06,2026/09/06,13:30,14:30,,,2026/04/29,2026/09/06,,犬とはどんな動物か、犬に関係する法律について、犬を飼う前に考えていただきたいこと、動物総合センターから犬を譲渡するときの手続きについてお話します。,,,無料,,,,,,,,,,,,,,,,,,,,,,,,,,,,,先着10組,,,,,,,,,,,,,,,,,,,,,
232025,,OK0001011227,愛知県岡崎市,こども向け日本語教室「ぴかぴか」夏クラス,,,,,,https://www.city.okazaki.lg.jp/kanko/event/1009636/1011227.html,,,その他,,,2026/08/23,2026/08/23,14:00,15:00,,,2026/06/22,2026/08/30,,外国につながるこども達が、絵本を読んだり、ひらがなを学習したりして、年齢に応じた日本語の勉強をします。,,,無料,,,,,,,,,,図書館交流プラザりぶら,,232025,,愛知県岡崎市康生通西4丁目71,愛知県,岡崎市,康生通西4丁目,71,,34.959504,137.159495,,,,,,,,15人（抽選）,,,,,,,2026-08-14,00:00,,,,,,,,,,,,,
232025,,OK0011011227,愛知県岡崎市,こども向け日本語教室「ぴかぴか」夏クラス,,,,,,https://www.city.okazaki.lg.jp/kanko/event/1009636/1011227.html,,,その他,,,2026/08/30,2026/08/30,14:00,15:00,,,2026/06/22,2026/08/30,,外国につながるこども達が、絵本を読んだり、ひらがなを学習したりして、年齢に応じた日本語の勉強をします。,,,無料,,,,,,,,,,図書館交流プラザりぶら,,232025,,愛知県岡崎市康生通西4丁目71,愛知県,岡崎市,康生通西4丁目,71,,34.959504,137.159495,,,,,,,,15人（抽選）,,,,,,,2026-08-14,00:00,,,,,,,,,,,,,
232025,,OK0001014989,愛知県岡崎市,市制110周年・開館30周年記念コレクション展　窓ーそこに介在するもの,,,,,,https://www.city.okazaki.lg.jp/museum/tenrankai/1014989.html,,,芸術＆文化,,,2026/07/04,2026/09/13,10:00,17:00,,,2026/07/02,,,,,,,,,,,,,,,,美術博物館,,232025,,愛知県岡崎市高隆寺町峠1,愛知県,岡崎市,高隆寺町峠,1,,34.947706,137.217493,,,,,,,,,,,,,,,,,,,,,,,,,,,,,
232025,,OK0001015866,愛知県岡崎市,働き世代男性料理教室「作れる男はカッコイイ！自慢のオヤジ飯」,,,,,,https://www.city.okazaki.lg.jp/kanko/event/1010651/1015866.html,,,ほけん,,,2026/09/06,2026/09/06,10:00,13:00,,,2026/06/17,2026/09/06,,ねぎま風焼きとり丼、たぬき冷奴、サラダ、スープ、月見団子を作ります。,,,800円,,,,,,,,,,岡崎げんき館,,232025,,愛知県岡崎市若宮町2丁目1-1,愛知県,岡崎市,若宮町2丁目,1-1,,34.953255,137.180919,,,,,,,,20名（抽選）,,,,,,,2026-08-20,00:00,,,,,,,,,,,,,
232025,,OK0001015632,愛知県岡崎市,市制110周年記念　巡回ラジオ体操・みんなの体操会,,,,,,https://www.city.okazaki.lg.jp/kanko/event/1010651/1015632.html,,,スポーツ、ほけん,,,2026/08/06,2026/08/06,06:00,06:45,,,2026/06/23,,,市制110周年を記念して、巡回ラジオ体操・みんなの体操会を開催します。誰でも気軽にできるラジオ体操で元気に体を動かしましょう。当日はNHK AMで6時30分から全国に生放送されます。,,,無料・参加者には記念品のプレゼントがあります,,,,,,,,,,,,,,,,,,,,,,,,,,,,,先着1000名程度,,,,,,,,,,,,,,,,,,,,,
232025,,OK0001015626,愛知県岡崎市,夏休み親子料理教室～こどもと作ろう♪夏休みのランチ～,,,,,,https://www.city.okazaki.lg.jp/kanko/event/1010651/1015626.html,,,ほけん,,,2026/07/31,2026/07/31,10:00,13:00,,,2026/06/25,2026/08/02,,岡崎ブランドの食材を使ってランチをつくります。【メニュー】タコライス、冷静スープ、サラダ、ゼリー,,,"1組1,600円",,,,,,,,,,岡崎げんき館,,232025,,愛知県岡崎市若宮町2丁目1-1,愛知県,岡崎市,若宮町2丁目,1-1,,34.953255,137.180919,,,,,,,,10組20名（保護者1名　こども1名で1組）,,,,,,,2026-07-15,00:00,,,,,,,,,,,,,
232025,,OK0011015626,愛知県岡崎市,夏休み親子料理教室～こどもと作ろう♪夏休みのランチ～,,,,,,https://www.city.okazaki.lg.jp/kanko/event/1010651/1015626.html,,,ほけん,,,2026/08/01,2026/08/01,10:00,13:00,,,2026/06/25,2026/08/02,,岡崎ブランドの食材を使ってランチをつくります。【メニュー】タコライス、冷静スープ、サラダ、ゼリー,,,"1組1,600円",,,,,,,,,,岡崎げんき館,,232025,,愛知県岡崎市若宮町2丁目1-1,愛知県,岡崎市,若宮町2丁目,1-1,,34.953255,137.180919,,,,,,,,10組20名（保護者1名　こども1名で1組）,,,,,,,2026-07-15,00:00,,,,,,,,,,,,,
232025,,OK0021015626,愛知県岡崎市,夏休み親子料理教室～こどもと作ろう♪夏休みのランチ～,,,,,,https://www.city.okazaki.lg.jp/kanko/event/1010651/1015626.html,,,ほけん,,,2026/08/02,2026/08/02,10:00,13:00,,,2026/06/25,2026/08/02,,岡崎ブランドの食材を使ってランチをつくります。【メニュー】タコライス、冷静スープ、サラダ、ゼリー,,,"1組1,600円",,,,,,,,,,岡崎げんき館,,232025,,愛知県岡崎市若宮町2丁目1-1,愛知県,岡崎市,若宮町2丁目,1-1,,34.953255,137.180919,,,,,,,,10組20名（保護者1名　こども1名で1組）,,,,,,,2026-07-15,00:00,,,,,,,,,,,,,
232025,,OK0001015633,愛知県岡崎市,夏休み親子料理教室～学校給食のメニューを作って味わおう！～,,,,,,https://www.city.okazaki.lg.jp/kanko/event/1010651/1015633.html,,,ほけん,,,2026/08/08,2026/08/08,10:00,14:00,,,2026/06/25,2026/08/09,,学校給食で人気のメニューを親子で作ろう！【メニュー】ビビンバ（肉・野菜）、わかめスープ、ご飯,,,1名800円,,,,,,,,,,岡崎げんき館,,232025,,愛知県岡崎市若宮町2丁目1-1,愛知県,岡崎市,若宮町2丁目,1-1,,34.953255,137.180919,,,,,,,,10組20名（抽選）,,,,,,,2026-07-23,00:00,,,,,,,,,,,,,
232025,,OK0011015633,愛知県岡崎市,夏休み親子料理教室～学校給食のメニューを作って味わおう！～,,,,,,https://www.city.okazaki.lg.jp/kanko/event/1010651/1015633.html,,,ほけん,,,2026/08/09,2026/08/09,10:00,14:00,,,2026/06/25,2026/08/09,,学校給食で人気のメニューを親子で作ろう！【メニュー】ビビンバ（肉・野菜）、わかめスープ、ご飯,,,1名800円,,,,,,,,,,岡崎げんき館,,232025,,愛知県岡崎市若宮町2丁目1-1,愛知県,岡崎市,若宮町2丁目,1-1,,34.953255,137.180919,,,,,,,,10組20名（抽選）,,,,,,,2026-07-23,00:00,,,,,,,,,,,,,
232025,,OK0001015867,愛知県岡崎市,健康づくり講座「楽しく運動！リズムに合わせて体力UP！」,,,,,,https://www.city.okazaki.lg.jp/kanko/event/1010651/1015867.html,,,ほけん,,,2026/09/09,2026/09/09,13:30,15:20,,,2026/06/16,2026/09/30,,ストレッチ、有酸素運動、軽い筋トレ、脳トレ等で楽しく体を動かします,,,"1,000円",,,,,,,,,,岡崎げんき館,,232025,,愛知県岡崎市若宮町2丁目1-1,愛知県,岡崎市,若宮町2丁目,1-1,,34.953255,137.180919,,,,,,,,30名（抽選）,,,,,,,2026-08-24,00:00,,,,,,,,,,,,,
232025,,OK0011015867,愛知県岡崎市,健康づくり講座「楽しく運動！リズムに合わせて体力UP！」,,,,,,https://www.city.okazaki.lg.jp/kanko/event/1010651/1015867.html,,,ほけん,,,2026/09/16,2026/09/16,13:30,15:20,,,2026/06/16,2026/09/30,,ストレッチ、有酸素運動、軽い筋トレ、脳トレ等で楽しく体を動かします,,,"1,000円",,,,,,,,,,岡崎げんき館,,232025,,愛知県岡崎市若宮町2丁目1-1,愛知県,岡崎市,若宮町2丁目,1-1,,34.953255,137.180919,,,,,,,,30名（抽選）,,,,,,,2026-08-24,00:00,,,,,,,,,,,,,
232025,,OK0021015867,愛知県岡崎市,健康づくり講座「楽しく運動！リズムに合わせて体力UP！」,,,,,,https://www.city.okazaki.lg.jp/kanko/event/1010651/1015867.html,,,ほけん,,,2026/09/30,2026/09/30,13:30,15:20,,,2026/06/16,2026/09/30,,ストレッチ、有酸素運動、軽い筋トレ、脳トレ等で楽しく体を動かします,,,"1,000円",,,,,,,,,,岡崎げんき館,,232025,,愛知県岡崎市若宮町2丁目1-1,愛知県,岡崎市,若宮町2丁目,1-1,,34.953255,137.180919,,,,,,,,30名（抽選）,,,,,,,2026-08-24,00:00,,,,,,,,,,,,,
232025,,OK0001015197,愛知県岡崎市,岡崎市制110周年記念事業　ピラミッド・サイエンス！　2026年度夏季企画展,,,,,,https://www.city.okazaki.lg.jp/kobihaku/tenrankai/1011489/1015197.html,,,芸術＆文化,,,2026/06/27,2026/09/13,09:00,17:00,,,2026/06/26,,　おかざき世界子ども美術博物館ではエジプト考古学者の吉村作治先生監修の古代エジプト科学展を開催します。,　おかざき世界子ども美術博物館では、子どものための新感覚な科学系エジプト展を開催します。エジプト考古学者である吉村作治先生監修のもと、神秘性や美術的側面で取り上げられることの多いピラミッドを科学的、教育的側面から斬新にアプローチし、古代エジプトをひも解いていきます。体験型の科学展示で、各テーマごとに実験や考察するプロセスを踏みながら学ぶことができる内容になっています。&nbsp;,,,,,,,,,,,,,おかざき世界子ども美術博物館,,232025,,愛知県岡崎市岡町鳥居戸1-1,愛知県,岡崎市,岡町鳥居戸,1-1,,34.926953,137.213666,,,,,,,,,,,,,,,,,,,,,,,,,,,,,
232025,,OK0001014766,愛知県岡崎市,市制110周年記念事業「子どもたちのアール・ブリュット2026」前期展,,,,,,https://www.city.okazaki.lg.jp/kobihaku/tenrankai/1011489/1014766.html,,,芸術＆文化,,,2026/04/02,2026/09/23,09:00,17:00,,,2026/03/18,,おかざき世界子ども美術博物館では、 障がいのある子どもたちの作品の常設展示「子どもたちのアール・ブリュット」 を開催しています。,岡崎市内の特別支援学級をはじめ、 愛知県立岡崎聾学校、 愛知県立岡崎特別支援学校、 愛知教育大学附属特別支援学校等の子どもたちが制作した作品を紹介します。,,,,,,,,,,,,,おかざき世界子ども美術博物館,,232025,,愛知県岡崎市岡町鳥居戸1-1,愛知県,岡崎市,岡町鳥居戸,1-1,,34.926953,137.213666,,,,,,,,,,,,,,,,,,,,,,,,,,,,,
232025,,OK0041010789,愛知県岡崎市,こころほっとサロン,,,,,,https://www.city.okazaki.lg.jp/kenko/kenko_iryo/1012510/1012511/1010789.html,,,ほけん,,,2026/08/14,2026/08/14,19:00,20:00,毎月第2金曜日（10月は開催なし）,,2026/04/16,,,,,,,,,,,,,,,,岡崎げんき館,,232025,,愛知県岡崎市若宮町2丁目1-1,愛知県,岡崎市,若宮町2丁目,1-1,,34.953255,137.180919,,,,,,,,,,,,,,,,,,,,,,,,,,,,,
232025,,OK0051010789,愛知県岡崎市,こころほっとサロン,,,,,,https://www.city.okazaki.lg.jp/kenko/kenko_iryo/1012510/1012511/1010789.html,,,ほけん,,,2026/09/11,2026/09/11,19:00,20:00,毎月第2金曜日（10月は開催なし）,,2026/04/16,,,,,,,,,,,,,,,,岡崎げんき館,,232025,,愛知県岡崎市若宮町2丁目1-1,愛知県,岡崎市,若宮町2丁目,1-1,,34.953255,137.180919,,,,,,,,,,,,,,,,,,,,,,,,,,,,,
232025,,OK0061010789,愛知県岡崎市,こころほっとサロン,,,,,,https://www.city.okazaki.lg.jp/kenko/kenko_iryo/1012510/1012511/1010789.html,,,ほけん,,,2026/11/13,2026/11/13,19:00,20:00,毎月第2金曜日（10月は開催なし）,,2026/04/16,,,,,,,,,,,,,,,,岡崎げんき館,,232025,,愛知県岡崎市若宮町2丁目1-1,愛知県,岡崎市,若宮町2丁目,1-1,,34.953255,137.180919,,,,,,,,,,,,,,,,,,,,,,,,,,,,,
232025,,OK0071010789,愛知県岡崎市,こころほっとサロン,,,,,,https://www.city.okazaki.lg.jp/kenko/kenko_iryo/1012510/1012511/1010789.html,,,ほけん,,,2026/12/11,2026/12/11,19:00,20:00,毎月第2金曜日（10月は開催なし）,,2026/04/16,,,,,,,,,,,,,,,,岡崎げんき館,,232025,,愛知県岡崎市若宮町2丁目1-1,愛知県,岡崎市,若宮町2丁目,1-1,,34.953255,137.180919,,,,,,,,,,,,,,,,,,,,,,,,,,,,,
232025,,OK0081010789,愛知県岡崎市,こころほっとサロン,,,,,,https://www.city.okazaki.lg.jp/kenko/kenko_iryo/1012510/1012511/1010789.html,,,ほけん,,,2027/01/08,2027/01/08,19:00,20:00,毎月第2金曜日（10月は開催なし）,,2026/04/16,,,,,,,,,,,,,,,,岡崎げんき館,,232025,,愛知県岡崎市若宮町2丁目1-1,愛知県,岡崎市,若宮町2丁目,1-1,,34.953255,137.180919,,,,,,,,,,,,,,,,,,,,,,,,,,,,,
232025,,OK0091010789,愛知県岡崎市,こころほっとサロン,,,,,,https://www.city.okazaki.lg.jp/kenko/kenko_iryo/1012510/1012511/1010789.html,,,ほけん,,,2027/02/12,2027/02/12,19:00,20:00,毎月第2金曜日（10月は開催なし）,,2026/04/16,,,,,,,,,,,,,,,,岡崎げんき館,,232025,,愛知県岡崎市若宮町2丁目1-1,愛知県,岡崎市,若宮町2丁目,1-1,,34.953255,137.180919,,,,,,,,,,,,,,,,,,,,,,,,,,,,,
232025,,OK0101010789,愛知県岡崎市,こころほっとサロン,,,,,,https://www.city.okazaki.lg.jp/kenko/kenko_iryo/1012510/1012511/1010789.html,,,ほけん,,,2027/03/12,2027/03/12,19:00,20:00,毎月第2金曜日（10月は開催なし）,,2026/04/16,,,,,,,,,,,,,,,,岡崎げんき館,,232025,,愛知県岡崎市若宮町2丁目1-1,愛知県,岡崎市,若宮町2丁目,1-1,,34.953255,137.180919,,,,,,,,,,,,,,,,,,,,,,,,,,,,,
232025,,OK0001015728,愛知県岡崎市,シーホース三河イベント情報,,,,,,https://www.city.okazaki.lg.jp/bunka/info_sports/1015728.html,,,スポーツ,,,2026/07/01,2026/09/30,09:00,18:00,,,2026/06/10,,,,,,,,,,,,,,,,,,,,,,,,,,,,,,,,,,,,,,,,,,,,,,,,,,,,,,,,
232025,,OK0001016254,愛知県岡崎市,第51回 動物愛護に関する標語コンクール,,,,,,https://www.city.okazaki.lg.jp/zoo/tanosimu/1013175/1016254.html,,,その他,,,2026/07/01,2026/07/31,09:00,17:00,,,2026/07/02,2026/07/31,,,,,,,,,,,,,,,東公園・東公園動物園,,232025,,愛知県岡崎市欠町大山田1,愛知県,岡崎市,欠町大山田,1,,34.954227,137.19425,,,,,,,,,,,,,,,2026-07-31,00:00,,,,,,,,,,,,,
232025,,OK0071016056,愛知県岡崎市,ふじ子が暮らしたお部屋の特別開放と飼育員によるガイド,,,,,,https://www.city.okazaki.lg.jp/zoo/tanosimu/1013177/1016056.html,,,パーク＆ネイチャー、その他,,定期開催,2026/08/01,2026/08/01,11:00,12:00,動物園の別イベントと重複した場合に実施しないことがあります。祝日も開催することがあります。,,2026/07/09,,,	11時から20分程度、飼育員によるガイドを実施します。	ふじ子が過ごしたゾウ舎のお部屋を特別開放しています。	「ふじ子像」が置かれている隣の部屋に入って「ふじ子像」を見ることができます。,,,,,,,,,,,,,東公園・東公園動物園,,232025,,愛知県岡崎市欠町大山田1,愛知県,岡崎市,欠町大山田,1,,34.954227,137.19425,,,,,,,,,,,,,,,,,,,,,,,,,,,,,
232025,,OK0081016056,愛知県岡崎市,ふじ子が暮らしたお部屋の特別開放と飼育員によるガイド,,,,,,https://www.city.okazaki.lg.jp/zoo/tanosimu/1013177/1016056.html,,,パーク＆ネイチャー、その他,,定期開催,2026/08/02,2026/08/02,11:00,12:00,動物園の別イベントと重複した場合に実施しないことがあります。祝日も開催することがあります。,,2026/07/09,,,	11時から20分程度、飼育員によるガイドを実施します。	ふじ子が過ごしたゾウ舎のお部屋を特別開放しています。	「ふじ子像」が置かれている隣の部屋に入って「ふじ子像」を見ることができます。,,,,,,,,,,,,,東公園・東公園動物園,,232025,,愛知県岡崎市欠町大山田1,愛知県,岡崎市,欠町大山田,1,,34.954227,137.19425,,,,,,,,,,,,,,,,,,,,,,,,,,,,,
232025,,OK0091016056,愛知県岡崎市,ふじ子が暮らしたお部屋の特別開放と飼育員によるガイド,,,,,,https://www.city.okazaki.lg.jp/zoo/tanosimu/1013177/1016056.html,,,パーク＆ネイチャー、その他,,定期開催,2026/08/08,2026/08/08,11:00,12:00,動物園の別イベントと重複した場合に実施しないことがあります。祝日も開催することがあります。,,2026/07/09,,,	11時から20分程度、飼育員によるガイドを実施します。	ふじ子が過ごしたゾウ舎のお部屋を特別開放しています。	「ふじ子像」が置かれている隣の部屋に入って「ふじ子像」を見ることができます。,,,,,,,,,,,,,東公園・東公園動物園,,232025,,愛知県岡崎市欠町大山田1,愛知県,岡崎市,欠町大山田,1,,34.954227,137.19425,,,,,,,,,,,,,,,,,,,,,,,,,,,,,
232025,,OK0101016056,愛知県岡崎市,ふじ子が暮らしたお部屋の特別開放と飼育員によるガイド,,,,,,https://www.city.okazaki.lg.jp/zoo/tanosimu/1013177/1016056.html,,,パーク＆ネイチャー、その他,,定期開催,2026/08/09,2026/08/09,11:00,12:00,動物園の別イベントと重複した場合に実施しないことがあります。祝日も開催することがあります。,,2026/07/09,,,	11時から20分程度、飼育員によるガイドを実施します。	ふじ子が過ごしたゾウ舎のお部屋を特別開放しています。	「ふじ子像」が置かれている隣の部屋に入って「ふじ子像」を見ることができます。,,,,,,,,,,,,,東公園・東公園動物園,,232025,,愛知県岡崎市欠町大山田1,愛知県,岡崎市,欠町大山田,1,,34.954227,137.19425,,,,,,,,,,,,,,,,,,,,,,,,,,,,,
232025,,OK0111016056,愛知県岡崎市,ふじ子が暮らしたお部屋の特別開放と飼育員によるガイド,,,,,,https://www.city.okazaki.lg.jp/zoo/tanosimu/1013177/1016056.html,,,パーク＆ネイチャー、その他,,定期開催,2026/08/15,2026/08/15,11:00,12:00,動物園の別イベントと重複した場合に実施しないことがあります。祝日も開催することがあります。,,2026/07/09,,,	11時から20分程度、飼育員によるガイドを実施します。	ふじ子が過ごしたゾウ舎のお部屋を特別開放しています。	「ふじ子像」が置かれている隣の部屋に入って「ふじ子像」を見ることができます。,,,,,,,,,,,,,東公園・東公園動物園,,232025,,愛知県岡崎市欠町大山田1,愛知県,岡崎市,欠町大山田,1,,34.954227,137.19425,,,,,,,,,,,,,,,,,,,,,,,,,,,,,
232025,,OK0121016056,愛知県岡崎市,ふじ子が暮らしたお部屋の特別開放と飼育員によるガイド,,,,,,https://www.city.okazaki.lg.jp/zoo/tanosimu/1013177/1016056.html,,,パーク＆ネイチャー、その他,,定期開催,2026/08/16,2026/08/16,11:00,12:00,動物園の別イベントと重複した場合に実施しないことがあります。祝日も開催することがあります。,,2026/07/09,,,	11時から20分程度、飼育員によるガイドを実施します。	ふじ子が過ごしたゾウ舎のお部屋を特別開放しています。	「ふじ子像」が置かれている隣の部屋に入って「ふじ子像」を見ることができます。,,,,,,,,,,,,,東公園・東公園動物園,,232025,,愛知県岡崎市欠町大山田1,愛知県,岡崎市,欠町大山田,1,,34.954227,137.19425,,,,,,,,,,,,,,,,,,,,,,,,,,,,,
232025,,OK0131016056,愛知県岡崎市,ふじ子が暮らしたお部屋の特別開放と飼育員によるガイド,,,,,,https://www.city.okazaki.lg.jp/zoo/tanosimu/1013177/1016056.html,,,パーク＆ネイチャー、その他,,定期開催,2026/08/22,2026/08/22,11:00,12:00,動物園の別イベントと重複した場合に実施しないことがあります。祝日も開催することがあります。,,2026/07/09,,,	11時から20分程度、飼育員によるガイドを実施します。	ふじ子が過ごしたゾウ舎のお部屋を特別開放しています。	「ふじ子像」が置かれている隣の部屋に入って「ふじ子像」を見ることができます。,,,,,,,,,,,,,東公園・東公園動物園,,232025,,愛知県岡崎市欠町大山田1,愛知県,岡崎市,欠町大山田,1,,34.954227,137.19425,,,,,,,,,,,,,,,,,,,,,,,,,,,,,
232025,,OK0141016056,愛知県岡崎市,ふじ子が暮らしたお部屋の特別開放と飼育員によるガイド,,,,,,https://www.city.okazaki.lg.jp/zoo/tanosimu/1013177/1016056.html,,,パーク＆ネイチャー、その他,,定期開催,2026/08/29,2026/08/29,11:00,12:00,動物園の別イベントと重複した場合に実施しないことがあります。祝日も開催することがあります。,,2026/07/09,,,	11時から20分程度、飼育員によるガイドを実施します。	ふじ子が過ごしたゾウ舎のお部屋を特別開放しています。	「ふじ子像」が置かれている隣の部屋に入って「ふじ子像」を見ることができます。,,,,,,,,,,,,,東公園・東公園動物園,,232025,,愛知県岡崎市欠町大山田1,愛知県,岡崎市,欠町大山田,1,,34.954227,137.19425,,,,,,,,,,,,,,,,,,,,,,,,,,,,,
232025,,OK0151016056,愛知県岡崎市,ふじ子が暮らしたお部屋の特別開放と飼育員によるガイド,,,,,,https://www.city.okazaki.lg.jp/zoo/tanosimu/1013177/1016056.html,,,パーク＆ネイチャー、その他,,定期開催,2026/08/30,2026/08/30,11:00,12:00,動物園の別イベントと重複した場合に実施しないことがあります。祝日も開催することがあります。,,2026/07/09,,,	11時から20分程度、飼育員によるガイドを実施します。	ふじ子が過ごしたゾウ舎のお部屋を特別開放しています。	「ふじ子像」が置かれている隣の部屋に入って「ふじ子像」を見ることができます。,,,,,,,,,,,,,東公園・東公園動物園,,232025,,愛知県岡崎市欠町大山田1,愛知県,岡崎市,欠町大山田,1,,34.954227,137.19425,,,,,,,,,,,,,,,,,,,,,,,,,,,,,
232025,,OK0161016056,愛知県岡崎市,ふじ子が暮らしたお部屋の特別開放と飼育員によるガイド,,,,,,https://www.city.okazaki.lg.jp/zoo/tanosimu/1013177/1016056.html,,,パーク＆ネイチャー、その他,,定期開催,2026/09/05,2026/09/05,11:00,12:00,動物園の別イベントと重複した場合に実施しないことがあります。祝日も開催することがあります。,,2026/07/09,,,	11時から20分程度、飼育員によるガイドを実施します。	ふじ子が過ごしたゾウ舎のお部屋を特別開放しています。	「ふじ子像」が置かれている隣の部屋に入って「ふじ子像」を見ることができます。,,,,,,,,,,,,,東公園・東公園動物園,,232025,,愛知県岡崎市欠町大山田1,愛知県,岡崎市,欠町大山田,1,,34.954227,137.19425,,,,,,,,,,,,,,,,,,,,,,,,,,,,,
232025,,OK0171016056,愛知県岡崎市,ふじ子が暮らしたお部屋の特別開放と飼育員によるガイド,,,,,,https://www.city.okazaki.lg.jp/zoo/tanosimu/1013177/1016056.html,,,パーク＆ネイチャー、その他,,定期開催,2026/09/06,2026/09/06,11:00,12:00,動物園の別イベントと重複した場合に実施しないことがあります。祝日も開催することがあります。,,2026/07/09,,,	11時から20分程度、飼育員によるガイドを実施します。	ふじ子が過ごしたゾウ舎のお部屋を特別開放しています。	「ふじ子像」が置かれている隣の部屋に入って「ふじ子像」を見ることができます。,,,,,,,,,,,,,東公園・東公園動物園,,232025,,愛知県岡崎市欠町大山田1,愛知県,岡崎市,欠町大山田,1,,34.954227,137.19425,,,,,,,,,,,,,,,,,,,,,,,,,,,,,
232025,,OK0181016056,愛知県岡崎市,ふじ子が暮らしたお部屋の特別開放と飼育員によるガイド,,,,,,https://www.city.okazaki.lg.jp/zoo/tanosimu/1013177/1016056.html,,,パーク＆ネイチャー、その他,,定期開催,2026/09/12,2026/09/12,11:00,12:00,動物園の別イベントと重複した場合に実施しないことがあります。祝日も開催することがあります。,,2026/07/09,,,	11時から20分程度、飼育員によるガイドを実施します。	ふじ子が過ごしたゾウ舎のお部屋を特別開放しています。	「ふじ子像」が置かれている隣の部屋に入って「ふじ子像」を見ることができます。,,,,,,,,,,,,,東公園・東公園動物園,,232025,,愛知県岡崎市欠町大山田1,愛知県,岡崎市,欠町大山田,1,,34.954227,137.19425,,,,,,,,,,,,,,,,,,,,,,,,,,,,,
232025,,OK0191016056,愛知県岡崎市,ふじ子が暮らしたお部屋の特別開放と飼育員によるガイド,,,,,,https://www.city.okazaki.lg.jp/zoo/tanosimu/1013177/1016056.html,,,パーク＆ネイチャー、その他,,定期開催,2026/09/13,2026/09/13,11:00,12:00,動物園の別イベントと重複した場合に実施しないことがあります。祝日も開催することがあります。,,2026/07/09,,,	11時から20分程度、飼育員によるガイドを実施します。	ふじ子が過ごしたゾウ舎のお部屋を特別開放しています。	「ふじ子像」が置かれている隣の部屋に入って「ふじ子像」を見ることができます。,,,,,,,,,,,,,東公園・東公園動物園,,232025,,愛知県岡崎市欠町大山田1,愛知県,岡崎市,欠町大山田,1,,34.954227,137.19425,,,,,,,,,,,,,,,,,,,,,,,,,,,,,
232025,,OK0201016056,愛知県岡崎市,ふじ子が暮らしたお部屋の特別開放と飼育員によるガイド,,,,,,https://www.city.okazaki.lg.jp/zoo/tanosimu/1013177/1016056.html,,,パーク＆ネイチャー、その他,,定期開催,2026/09/19,2026/09/19,11:00,12:00,動物園の別イベントと重複した場合に実施しないことがあります。祝日も開催することがあります。,,2026/07/09,,,	11時から20分程度、飼育員によるガイドを実施します。	ふじ子が過ごしたゾウ舎のお部屋を特別開放しています。	「ふじ子像」が置かれている隣の部屋に入って「ふじ子像」を見ることができます。,,,,,,,,,,,,,東公園・東公園動物園,,232025,,愛知県岡崎市欠町大山田1,愛知県,岡崎市,欠町大山田,1,,34.954227,137.19425,,,,,,,,,,,,,,,,,,,,,,,,,,,,,
232025,,OK0211016056,愛知県岡崎市,ふじ子が暮らしたお部屋の特別開放と飼育員によるガイド,,,,,,https://www.city.okazaki.lg.jp/zoo/tanosimu/1013177/1016056.html,,,パーク＆ネイチャー、その他,,定期開催,2026/09/20,2026/09/20,11:00,12:00,動物園の別イベントと重複した場合に実施しないことがあります。祝日も開催することがあります。,,2026/07/09,,,	11時から20分程度、飼育員によるガイドを実施します。	ふじ子が過ごしたゾウ舎のお部屋を特別開放しています。	「ふじ子像」が置かれている隣の部屋に入って「ふじ子像」を見ることができます。,,,,,,,,,,,,,東公園・東公園動物園,,232025,,愛知県岡崎市欠町大山田1,愛知県,岡崎市,欠町大山田,1,,34.954227,137.19425,,,,,,,,,,,,,,,,,,,,,,,,,,,,,
232025,,OK0221016056,愛知県岡崎市,ふじ子が暮らしたお部屋の特別開放と飼育員によるガイド,,,,,,https://www.city.okazaki.lg.jp/zoo/tanosimu/1013177/1016056.html,,,パーク＆ネイチャー、その他,,定期開催,2026/09/26,2026/09/26,11:00,12:00,動物園の別イベントと重複した場合に実施しないことがあります。祝日も開催することがあります。,,2026/07/09,,,	11時から20分程度、飼育員によるガイドを実施します。	ふじ子が過ごしたゾウ舎のお部屋を特別開放しています。	「ふじ子像」が置かれている隣の部屋に入って「ふじ子像」を見ることができます。,,,,,,,,,,,,,東公園・東公園動物園,,232025,,愛知県岡崎市欠町大山田1,愛知県,岡崎市,欠町大山田,1,,34.954227,137.19425,,,,,,,,,,,,,,,,,,,,,,,,,,,,,
232025,,OK0231016056,愛知県岡崎市,ふじ子が暮らしたお部屋の特別開放と飼育員によるガイド,,,,,,https://www.city.okazaki.lg.jp/zoo/tanosimu/1013177/1016056.html,,,パーク＆ネイチャー、その他,,定期開催,2026/09/27,2026/09/27,11:00,12:00,動物園の別イベントと重複した場合に実施しないことがあります。祝日も開催することがあります。,,2026/07/09,,,	11時から20分程度、飼育員によるガイドを実施します。	ふじ子が過ごしたゾウ舎のお部屋を特別開放しています。	「ふじ子像」が置かれている隣の部屋に入って「ふじ子像」を見ることができます。,,,,,,,,,,,,,東公園・東公園動物園,,232025,,愛知県岡崎市欠町大山田1,愛知県,岡崎市,欠町大山田,1,,34.954227,137.19425,,,,,,,,,,,,,,,,,,,,,,,,,,,,,
232025,,OK0241016056,愛知県岡崎市,ふじ子が暮らしたお部屋の特別開放と飼育員によるガイド,,,,,,https://www.city.okazaki.lg.jp/zoo/tanosimu/1013177/1016056.html,,,パーク＆ネイチャー、その他,,定期開催,2026/10/03,2026/10/03,11:00,12:00,動物園の別イベントと重複した場合に実施しないことがあります。祝日も開催することがあります。,,2026/07/09,,,	11時から20分程度、飼育員によるガイドを実施します。	ふじ子が過ごしたゾウ舎のお部屋を特別開放しています。	「ふじ子像」が置かれている隣の部屋に入って「ふじ子像」を見ることができます。,,,,,,,,,,,,,東公園・東公園動物園,,232025,,愛知県岡崎市欠町大山田1,愛知県,岡崎市,欠町大山田,1,,34.954227,137.19425,,,,,,,,,,,,,,,,,,,,,,,,,,,,,
232025,,OK0251016056,愛知県岡崎市,ふじ子が暮らしたお部屋の特別開放と飼育員によるガイド,,,,,,https://www.city.okazaki.lg.jp/zoo/tanosimu/1013177/1016056.html,,,パーク＆ネイチャー、その他,,定期開催,2026/10/04,2026/10/04,11:00,12:00,動物園の別イベントと重複した場合に実施しないことがあります。祝日も開催することがあります。,,2026/07/09,,,	11時から20分程度、飼育員によるガイドを実施します。	ふじ子が過ごしたゾウ舎のお部屋を特別開放しています。	「ふじ子像」が置かれている隣の部屋に入って「ふじ子像」を見ることができます。,,,,,,,,,,,,,東公園・東公園動物園,,232025,,愛知県岡崎市欠町大山田1,愛知県,岡崎市,欠町大山田,1,,34.954227,137.19425,,,,,,,,,,,,,,,,,,,,,,,,,,,,,
232025,,OK0261016056,愛知県岡崎市,ふじ子が暮らしたお部屋の特別開放と飼育員によるガイド,,,,,,https://www.city.okazaki.lg.jp/zoo/tanosimu/1013177/1016056.html,,,パーク＆ネイチャー、その他,,定期開催,2026/10/10,2026/10/10,11:00,12:00,動物園の別イベントと重複した場合に実施しないことがあります。祝日も開催することがあります。,,2026/07/09,,,	11時から20分程度、飼育員によるガイドを実施します。	ふじ子が過ごしたゾウ舎のお部屋を特別開放しています。	「ふじ子像」が置かれている隣の部屋に入って「ふじ子像」を見ることができます。,,,,,,,,,,,,,東公園・東公園動物園,,232025,,愛知県岡崎市欠町大山田1,愛知県,岡崎市,欠町大山田,1,,34.954227,137.19425,,,,,,,,,,,,,,,,,,,,,,,,,,,,,
232025,,OK0271016056,愛知県岡崎市,ふじ子が暮らしたお部屋の特別開放と飼育員によるガイド,,,,,,https://www.city.okazaki.lg.jp/zoo/tanosimu/1013177/1016056.html,,,パーク＆ネイチャー、その他,,定期開催,2026/10/11,2026/10/11,11:00,12:00,動物園の別イベントと重複した場合に実施しないことがあります。祝日も開催することがあります。,,2026/07/09,,,	11時から20分程度、飼育員によるガイドを実施します。	ふじ子が過ごしたゾウ舎のお部屋を特別開放しています。	「ふじ子像」が置かれている隣の部屋に入って「ふじ子像」を見ることができます。,,,,,,,,,,,,,東公園・東公園動物園,,232025,,愛知県岡崎市欠町大山田1,愛知県,岡崎市,欠町大山田,1,,34.954227,137.19425,,,,,,,,,,,,,,,,,,,,,,,,,,,,,
232025,,OK0281016056,愛知県岡崎市,ふじ子が暮らしたお部屋の特別開放と飼育員によるガイド,,,,,,https://www.city.okazaki.lg.jp/zoo/tanosimu/1013177/1016056.html,,,パーク＆ネイチャー、その他,,定期開催,2026/10/17,2026/10/17,11:00,12:00,動物園の別イベントと重複した場合に実施しないことがあります。祝日も開催することがあります。,,2026/07/09,,,	11時から20分程度、飼育員によるガイドを実施します。	ふじ子が過ごしたゾウ舎のお部屋を特別開放しています。	「ふじ子像」が置かれている隣の部屋に入って「ふじ子像」を見ることができます。,,,,,,,,,,,,,東公園・東公園動物園,,232025,,愛知県岡崎市欠町大山田1,愛知県,岡崎市,欠町大山田,1,,34.954227,137.19425,,,,,,,,,,,,,,,,,,,,,,,,,,,,,
232025,,OK0291016056,愛知県岡崎市,ふじ子が暮らしたお部屋の特別開放と飼育員によるガイド,,,,,,https://www.city.okazaki.lg.jp/zoo/tanosimu/1013177/1016056.html,,,パーク＆ネイチャー、その他,,定期開催,2026/10/18,2026/10/18,11:00,12:00,動物園の別イベントと重複した場合に実施しないことがあります。祝日も開催することがあります。,,2026/07/09,,,	11時から20分程度、飼育員によるガイドを実施します。	ふじ子が過ごしたゾウ舎のお部屋を特別開放しています。	「ふじ子像」が置かれている隣の部屋に入って「ふじ子像」を見ることができます。,,,,,,,,,,,,,東公園・東公園動物園,,232025,,愛知県岡崎市欠町大山田1,愛知県,岡崎市,欠町大山田,1,,34.954227,137.19425,,,,,,,,,,,,,,,,,,,,,,,,,,,,,
232025,,OK0301016056,愛知県岡崎市,ふじ子が暮らしたお部屋の特別開放と飼育員によるガイド,,,,,,https://www.city.okazaki.lg.jp/zoo/tanosimu/1013177/1016056.html,,,パーク＆ネイチャー、その他,,定期開催,2026/10/24,2026/10/24,11:00,12:00,動物園の別イベントと重複した場合に実施しないことがあります。祝日も開催することがあります。,,2026/07/09,,,	11時から20分程度、飼育員によるガイドを実施します。	ふじ子が過ごしたゾウ舎のお部屋を特別開放しています。	「ふじ子像」が置かれている隣の部屋に入って「ふじ子像」を見ることができます。,,,,,,,,,,,,,東公園・東公園動物園,,232025,,愛知県岡崎市欠町大山田1,愛知県,岡崎市,欠町大山田,1,,34.954227,137.19425,,,,,,,,,,,,,,,,,,,,,,,,,,,,,
232025,,OK0311016056,愛知県岡崎市,ふじ子が暮らしたお部屋の特別開放と飼育員によるガイド,,,,,,https://www.city.okazaki.lg.jp/zoo/tanosimu/1013177/1016056.html,,,パーク＆ネイチャー、その他,,定期開催,2026/10/25,2026/10/25,11:00,12:00,動物園の別イベントと重複した場合に実施しないことがあります。祝日も開催することがあります。,,2026/07/09,,,	11時から20分程度、飼育員によるガイドを実施します。	ふじ子が過ごしたゾウ舎のお部屋を特別開放しています。	「ふじ子像」が置かれている隣の部屋に入って「ふじ子像」を見ることができます。,,,,,,,,,,,,,東公園・東公園動物園,,232025,,愛知県岡崎市欠町大山田1,愛知県,岡崎市,欠町大山田,1,,34.954227,137.19425,,,,,,,,,,,,,,,,,,,,,,,,,,,,,
232025,,OK0321016056,愛知県岡崎市,ふじ子が暮らしたお部屋の特別開放と飼育員によるガイド,,,,,,https://www.city.okazaki.lg.jp/zoo/tanosimu/1013177/1016056.html,,,パーク＆ネイチャー、その他,,定期開催,2026/10/31,2026/10/31,11:00,12:00,動物園の別イベントと重複した場合に実施しないことがあります。祝日も開催することがあります。,,2026/07/09,,,	11時から20分程度、飼育員によるガイドを実施します。	ふじ子が過ごしたゾウ舎のお部屋を特別開放しています。	「ふじ子像」が置かれている隣の部屋に入って「ふじ子像」を見ることができます。,,,,,,,,,,,,,東公園・東公園動物園,,232025,,愛知県岡崎市欠町大山田1,愛知県,岡崎市,欠町大山田,1,,34.954227,137.19425,,,,,,,,,,,,,,,,,,,,,,,,,,,,,
232025,,OK0331016056,愛知県岡崎市,ふじ子が暮らしたお部屋の特別開放と飼育員によるガイド,,,,,,https://www.city.okazaki.lg.jp/zoo/tanosimu/1013177/1016056.html,,,パーク＆ネイチャー、その他,,定期開催,2026/11/01,2026/11/01,11:00,12:00,動物園の別イベントと重複した場合に実施しないことがあります。祝日も開催することがあります。,,2026/07/09,,,	11時から20分程度、飼育員によるガイドを実施します。	ふじ子が過ごしたゾウ舎のお部屋を特別開放しています。	「ふじ子像」が置かれている隣の部屋に入って「ふじ子像」を見ることができます。,,,,,,,,,,,,,東公園・東公園動物園,,232025,,愛知県岡崎市欠町大山田1,愛知県,岡崎市,欠町大山田,1,,34.954227,137.19425,,,,,,,,,,,,,,,,,,,,,,,,,,,,,
232025,,OK0341016056,愛知県岡崎市,ふじ子が暮らしたお部屋の特別開放と飼育員によるガイド,,,,,,https://www.city.okazaki.lg.jp/zoo/tanosimu/1013177/1016056.html,,,パーク＆ネイチャー、その他,,定期開催,2026/11/07,2026/11/07,11:00,12:00,動物園の別イベントと重複した場合に実施しないことがあります。祝日も開催することがあります。,,2026/07/09,,,	11時から20分程度、飼育員によるガイドを実施します。	ふじ子が過ごしたゾウ舎のお部屋を特別開放しています。	「ふじ子像」が置かれている隣の部屋に入って「ふじ子像」を見ることができます。,,,,,,,,,,,,,東公園・東公園動物園,,232025,,愛知県岡崎市欠町大山田1,愛知県,岡崎市,欠町大山田,1,,34.954227,137.19425,,,,,,,,,,,,,,,,,,,,,,,,,,,,,
232025,,OK0351016056,愛知県岡崎市,ふじ子が暮らしたお部屋の特別開放と飼育員によるガイド,,,,,,https://www.city.okazaki.lg.jp/zoo/tanosimu/1013177/1016056.html,,,パーク＆ネイチャー、その他,,定期開催,2026/11/08,2026/11/08,11:00,12:00,動物園の別イベントと重複した場合に実施しないことがあります。祝日も開催することがあります。,,2026/07/09,,,	11時から20分程度、飼育員によるガイドを実施します。	ふじ子が過ごしたゾウ舎のお部屋を特別開放しています。	「ふじ子像」が置かれている隣の部屋に入って「ふじ子像」を見ることができます。,,,,,,,,,,,,,東公園・東公園動物園,,232025,,愛知県岡崎市欠町大山田1,愛知県,岡崎市,欠町大山田,1,,34.954227,137.19425,,,,,,,,,,,,,,,,,,,,,,,,,,,,,
232025,,OK0361016056,愛知県岡崎市,ふじ子が暮らしたお部屋の特別開放と飼育員によるガイド,,,,,,https://www.city.okazaki.lg.jp/zoo/tanosimu/1013177/1016056.html,,,パーク＆ネイチャー、その他,,定期開催,2026/11/14,2026/11/14,11:00,12:00,動物園の別イベントと重複した場合に実施しないことがあります。祝日も開催することがあります。,,2026/07/09,,,	11時から20分程度、飼育員によるガイドを実施します。	ふじ子が過ごしたゾウ舎のお部屋を特別開放しています。	「ふじ子像」が置かれている隣の部屋に入って「ふじ子像」を見ることができます。,,,,,,,,,,,,,東公園・東公園動物園,,232025,,愛知県岡崎市欠町大山田1,愛知県,岡崎市,欠町大山田,1,,34.954227,137.19425,,,,,,,,,,,,,,,,,,,,,,,,,,,,,
232025,,OK0371016056,愛知県岡崎市,ふじ子が暮らしたお部屋の特別開放と飼育員によるガイド,,,,,,https://www.city.okazaki.lg.jp/zoo/tanosimu/1013177/1016056.html,,,パーク＆ネイチャー、その他,,定期開催,2026/11/15,2026/11/15,11:00,12:00,動物園の別イベントと重複した場合に実施しないことがあります。祝日も開催することがあります。,,2026/07/09,,,	11時から20分程度、飼育員によるガイドを実施します。	ふじ子が過ごしたゾウ舎のお部屋を特別開放しています。	「ふじ子像」が置かれている隣の部屋に入って「ふじ子像」を見ることができます。,,,,,,,,,,,,,東公園・東公園動物園,,232025,,愛知県岡崎市欠町大山田1,愛知県,岡崎市,欠町大山田,1,,34.954227,137.19425,,,,,,,,,,,,,,,,,,,,,,,,,,,,,
232025,,OK0381016056,愛知県岡崎市,ふじ子が暮らしたお部屋の特別開放と飼育員によるガイド,,,,,,https://www.city.okazaki.lg.jp/zoo/tanosimu/1013177/1016056.html,,,パーク＆ネイチャー、その他,,定期開催,2026/11/21,2026/11/21,11:00,12:00,動物園の別イベントと重複した場合に実施しないことがあります。祝日も開催することがあります。,,2026/07/09,,,	11時から20分程度、飼育員によるガイドを実施します。	ふじ子が過ごしたゾウ舎のお部屋を特別開放しています。	「ふじ子像」が置かれている隣の部屋に入って「ふじ子像」を見ることができます。,,,,,,,,,,,,,東公園・東公園動物園,,232025,,愛知県岡崎市欠町大山田1,愛知県,岡崎市,欠町大山田,1,,34.954227,137.19425,,,,,,,,,,,,,,,,,,,,,,,,,,,,,
232025,,OK0391016056,愛知県岡崎市,ふじ子が暮らしたお部屋の特別開放と飼育員によるガイド,,,,,,https://www.city.okazaki.lg.jp/zoo/tanosimu/1013177/1016056.html,,,パーク＆ネイチャー、その他,,定期開催,2026/11/22,2026/11/22,11:00,12:00,動物園の別イベントと重複した場合に実施しないことがあります。祝日も開催することがあります。,,2026/07/09,,,	11時から20分程度、飼育員によるガイドを実施します。	ふじ子が過ごしたゾウ舎のお部屋を特別開放しています。	「ふじ子像」が置かれている隣の部屋に入って「ふじ子像」を見ることができます。,,,,,,,,,,,,,東公園・東公園動物園,,232025,,愛知県岡崎市欠町大山田1,愛知県,岡崎市,欠町大山田,1,,34.954227,137.19425,,,,,,,,,,,,,,,,,,,,,,,,,,,,,
232025,,OK0401016056,愛知県岡崎市,ふじ子が暮らしたお部屋の特別開放と飼育員によるガイド,,,,,,https://www.city.okazaki.lg.jp/zoo/tanosimu/1013177/1016056.html,,,パーク＆ネイチャー、その他,,定期開催,2026/11/28,2026/11/28,11:00,12:00,動物園の別イベントと重複した場合に実施しないことがあります。祝日も開催することがあります。,,2026/07/09,,,	11時から20分程度、飼育員によるガイドを実施します。	ふじ子が過ごしたゾウ舎のお部屋を特別開放しています。	「ふじ子像」が置かれている隣の部屋に入って「ふじ子像」を見ることができます。,,,,,,,,,,,,,東公園・東公園動物園,,232025,,愛知県岡崎市欠町大山田1,愛知県,岡崎市,欠町大山田,1,,34.954227,137.19425,,,,,,,,,,,,,,,,,,,,,,,,,,,,,
232025,,OK0411016056,愛知県岡崎市,ふじ子が暮らしたお部屋の特別開放と飼育員によるガイド,,,,,,https://www.city.okazaki.lg.jp/zoo/tanosimu/1013177/1016056.html,,,パーク＆ネイチャー、その他,,定期開催,2026/11/29,2026/11/29,11:00,12:00,動物園の別イベントと重複した場合に実施しないことがあります。祝日も開催することがあります。,,2026/07/09,,,	11時から20分程度、飼育員によるガイドを実施します。	ふじ子が過ごしたゾウ舎のお部屋を特別開放しています。	「ふじ子像」が置かれている隣の部屋に入って「ふじ子像」を見ることができます。,,,,,,,,,,,,,東公園・東公園動物園,,232025,,愛知県岡崎市欠町大山田1,愛知県,岡崎市,欠町大山田,1,,34.954227,137.19425,,,,,,,,,,,,,,,,,,,,,,,,,,,,,
232025,,OK0421016056,愛知県岡崎市,ふじ子が暮らしたお部屋の特別開放と飼育員によるガイド,,,,,,https://www.city.okazaki.lg.jp/zoo/tanosimu/1013177/1016056.html,,,パーク＆ネイチャー、その他,,定期開催,2026/12/05,2026/12/05,11:00,12:00,動物園の別イベントと重複した場合に実施しないことがあります。祝日も開催することがあります。,,2026/07/09,,,	11時から20分程度、飼育員によるガイドを実施します。	ふじ子が過ごしたゾウ舎のお部屋を特別開放しています。	「ふじ子像」が置かれている隣の部屋に入って「ふじ子像」を見ることができます。,,,,,,,,,,,,,東公園・東公園動物園,,232025,,愛知県岡崎市欠町大山田1,愛知県,岡崎市,欠町大山田,1,,34.954227,137.19425,,,,,,,,,,,,,,,,,,,,,,,,,,,,,
232025,,OK0431016056,愛知県岡崎市,ふじ子が暮らしたお部屋の特別開放と飼育員によるガイド,,,,,,https://www.city.okazaki.lg.jp/zoo/tanosimu/1013177/1016056.html,,,パーク＆ネイチャー、その他,,定期開催,2026/12/06,2026/12/06,11:00,12:00,動物園の別イベントと重複した場合に実施しないことがあります。祝日も開催することがあります。,,2026/07/09,,,	11時から20分程度、飼育員によるガイドを実施します。	ふじ子が過ごしたゾウ舎のお部屋を特別開放しています。	「ふじ子像」が置かれている隣の部屋に入って「ふじ子像」を見ることができます。,,,,,,,,,,,,,東公園・東公園動物園,,232025,,愛知県岡崎市欠町大山田1,愛知県,岡崎市,欠町大山田,1,,34.954227,137.19425,,,,,,,,,,,,,,,,,,,,,,,,,,,,,
232025,,OK0441016056,愛知県岡崎市,ふじ子が暮らしたお部屋の特別開放と飼育員によるガイド,,,,,,https://www.city.okazaki.lg.jp/zoo/tanosimu/1013177/1016056.html,,,パーク＆ネイチャー、その他,,定期開催,2026/12/12,2026/12/12,11:00,12:00,動物園の別イベントと重複した場合に実施しないことがあります。祝日も開催することがあります。,,2026/07/09,,,	11時から20分程度、飼育員によるガイドを実施します。	ふじ子が過ごしたゾウ舎のお部屋を特別開放しています。	「ふじ子像」が置かれている隣の部屋に入って「ふじ子像」を見ることができます。,,,,,,,,,,,,,東公園・東公園動物園,,232025,,愛知県岡崎市欠町大山田1,愛知県,岡崎市,欠町大山田,1,,34.954227,137.19425,,,,,,,,,,,,,,,,,,,,,,,,,,,,,
232025,,OK0451016056,愛知県岡崎市,ふじ子が暮らしたお部屋の特別開放と飼育員によるガイド,,,,,,https://www.city.okazaki.lg.jp/zoo/tanosimu/1013177/1016056.html,,,パーク＆ネイチャー、その他,,定期開催,2026/12/13,2026/12/13,11:00,12:00,動物園の別イベントと重複した場合に実施しないことがあります。祝日も開催することがあります。,,2026/07/09,,,	11時から20分程度、飼育員によるガイドを実施します。	ふじ子が過ごしたゾウ舎のお部屋を特別開放しています。	「ふじ子像」が置かれている隣の部屋に入って「ふじ子像」を見ることができます。,,,,,,,,,,,,,東公園・東公園動物園,,232025,,愛知県岡崎市欠町大山田1,愛知県,岡崎市,欠町大山田,1,,34.954227,137.19425,,,,,,,,,,,,,,,,,,,,,,,,,,,,,
232025,,OK0461016056,愛知県岡崎市,ふじ子が暮らしたお部屋の特別開放と飼育員によるガイド,,,,,,https://www.city.okazaki.lg.jp/zoo/tanosimu/1013177/1016056.html,,,パーク＆ネイチャー、その他,,定期開催,2026/12/19,2026/12/19,11:00,12:00,動物園の別イベントと重複した場合に実施しないことがあります。祝日も開催することがあります。,,2026/07/09,,,	11時から20分程度、飼育員によるガイドを実施します。	ふじ子が過ごしたゾウ舎のお部屋を特別開放しています。	「ふじ子像」が置かれている隣の部屋に入って「ふじ子像」を見ることができます。,,,,,,,,,,,,,東公園・東公園動物園,,232025,,愛知県岡崎市欠町大山田1,愛知県,岡崎市,欠町大山田,1,,34.954227,137.19425,,,,,,,,,,,,,,,,,,,,,,,,,,,,,
232025,,OK0471016056,愛知県岡崎市,ふじ子が暮らしたお部屋の特別開放と飼育員によるガイド,,,,,,https://www.city.okazaki.lg.jp/zoo/tanosimu/1013177/1016056.html,,,パーク＆ネイチャー、その他,,定期開催,2026/12/20,2026/12/20,11:00,12:00,動物園の別イベントと重複した場合に実施しないことがあります。祝日も開催することがあります。,,2026/07/09,,,	11時から20分程度、飼育員によるガイドを実施します。	ふじ子が過ごしたゾウ舎のお部屋を特別開放しています。	「ふじ子像」が置かれている隣の部屋に入って「ふじ子像」を見ることができます。,,,,,,,,,,,,,東公園・東公園動物園,,232025,,愛知県岡崎市欠町大山田1,愛知県,岡崎市,欠町大山田,1,,34.954227,137.19425,,,,,,,,,,,,,,,,,,,,,,,,,,,,,
232025,,OK0481016056,愛知県岡崎市,ふじ子が暮らしたお部屋の特別開放と飼育員によるガイド,,,,,,https://www.city.okazaki.lg.jp/zoo/tanosimu/1013177/1016056.html,,,パーク＆ネイチャー、その他,,定期開催,2026/12/26,2026/12/26,11:00,12:00,動物園の別イベントと重複した場合に実施しないことがあります。祝日も開催することがあります。,,2026/07/09,,,	11時から20分程度、飼育員によるガイドを実施します。	ふじ子が過ごしたゾウ舎のお部屋を特別開放しています。	「ふじ子像」が置かれている隣の部屋に入って「ふじ子像」を見ることができます。,,,,,,,,,,,,,東公園・東公園動物園,,232025,,愛知県岡崎市欠町大山田1,愛知県,岡崎市,欠町大山田,1,,34.954227,137.19425,,,,,,,,,,,,,,,,,,,,,,,,,,,,,
232025,,OK0491016056,愛知県岡崎市,ふじ子が暮らしたお部屋の特別開放と飼育員によるガイド,,,,,,https://www.city.okazaki.lg.jp/zoo/tanosimu/1013177/1016056.html,,,パーク＆ネイチャー、その他,,定期開催,2026/12/27,2026/12/27,11:00,12:00,動物園の別イベントと重複した場合に実施しないことがあります。祝日も開催することがあります。,,2026/07/09,,,	11時から20分程度、飼育員によるガイドを実施します。	ふじ子が過ごしたゾウ舎のお部屋を特別開放しています。	「ふじ子像」が置かれている隣の部屋に入って「ふじ子像」を見ることができます。,,,,,,,,,,,,,東公園・東公園動物園,,232025,,愛知県岡崎市欠町大山田1,愛知県,岡崎市,欠町大山田,1,,34.954227,137.19425,,,,,,,,,,,,,,,,,,,,,,,,,,,,,
232025,,OK0081016180,愛知県岡崎市,お食事タイム,,,,,,https://www.city.okazaki.lg.jp/zoo/tanosimu/1013177/1016180.html,,,パーク＆ネイチャー、パパママ＆ベビー、その他,,定期開催,2026/08/01,2026/08/01,10:30,11:45,,,2026/07/01,,,	動物たちの食事の様子を見学しながら、飼育員による動物のガイドを聞くことができます。	健康状態や天候により中止する場合があります。,,,,,,,,,,,,,東公園・東公園動物園,,232025,,愛知県岡崎市欠町大山田1,愛知県,岡崎市,欠町大山田,1,,34.954227,137.19425,,,,,,,,,,,,,,,,,,,,,,,,,,,,,
232025,,OK0091016180,愛知県岡崎市,お食事タイム,,,,,,https://www.city.okazaki.lg.jp/zoo/tanosimu/1013177/1016180.html,,,パーク＆ネイチャー、パパママ＆ベビー、その他,,定期開催,2026/08/02,2026/08/02,10:30,11:45,,,2026/07/01,,,	動物たちの食事の様子を見学しながら、飼育員による動物のガイドを聞くことができます。	健康状態や天候により中止する場合があります。,,,,,,,,,,,,,東公園・東公園動物園,,232025,,愛知県岡崎市欠町大山田1,愛知県,岡崎市,欠町大山田,1,,34.954227,137.19425,,,,,,,,,,,,,,,,,,,,,,,,,,,,,
232025,,OK0101016180,愛知県岡崎市,お食事タイム,,,,,,https://www.city.okazaki.lg.jp/zoo/tanosimu/1013177/1016180.html,,,パーク＆ネイチャー、パパママ＆ベビー、その他,,定期開催,2026/08/08,2026/08/08,10:30,11:45,,,2026/07/01,,,	動物たちの食事の様子を見学しながら、飼育員による動物のガイドを聞くことができます。	健康状態や天候により中止する場合があります。,,,,,,,,,,,,,東公園・東公園動物園,,232025,,愛知県岡崎市欠町大山田1,愛知県,岡崎市,欠町大山田,1,,34.954227,137.19425,,,,,,,,,,,,,,,,,,,,,,,,,,,,,
232025,,OK0111016180,愛知県岡崎市,お食事タイム,,,,,,https://www.city.okazaki.lg.jp/zoo/tanosimu/1013177/1016180.html,,,パーク＆ネイチャー、パパママ＆ベビー、その他,,定期開催,2026/08/09,2026/08/09,10:30,11:45,,,2026/07/01,,,	動物たちの食事の様子を見学しながら、飼育員による動物のガイドを聞くことができます。	健康状態や天候により中止する場合があります。,,,,,,,,,,,,,東公園・東公園動物園,,232025,,愛知県岡崎市欠町大山田1,愛知県,岡崎市,欠町大山田,1,,34.954227,137.19425,,,,,,,,,,,,,,,,,,,,,,,,,,,,,
232025,,OK0121016180,愛知県岡崎市,お食事タイム,,,,,,https://www.city.okazaki.lg.jp/zoo/tanosimu/1013177/1016180.html,,,パーク＆ネイチャー、パパママ＆ベビー、その他,,定期開催,2026/08/15,2026/08/15,10:30,11:45,,,2026/07/01,,,	動物たちの食事の様子を見学しながら、飼育員による動物のガイドを聞くことができます。	健康状態や天候により中止する場合があります。,,,,,,,,,,,,,東公園・東公園動物園,,232025,,愛知県岡崎市欠町大山田1,愛知県,岡崎市,欠町大山田,1,,34.954227,137.19425,,,,,,,,,,,,,,,,,,,,,,,,,,,,,
232025,,OK0131016180,愛知県岡崎市,お食事タイム,,,,,,https://www.city.okazaki.lg.jp/zoo/tanosimu/1013177/1016180.html,,,パーク＆ネイチャー、パパママ＆ベビー、その他,,定期開催,2026/08/16,2026/08/16,10:30,11:45,,,2026/07/01,,,	動物たちの食事の様子を見学しながら、飼育員による動物のガイドを聞くことができます。	健康状態や天候により中止する場合があります。,,,,,,,,,,,,,東公園・東公園動物園,,232025,,愛知県岡崎市欠町大山田1,愛知県,岡崎市,欠町大山田,1,,34.954227,137.19425,,,,,,,,,,,,,,,,,,,,,,,,,,,,,
232025,,OK0141016180,愛知県岡崎市,お食事タイム,,,,,,https://www.city.okazaki.lg.jp/zoo/tanosimu/1013177/1016180.html,,,パーク＆ネイチャー、パパママ＆ベビー、その他,,定期開催,2026/08/22,2026/08/22,10:30,11:45,,,2026/07/01,,,	動物たちの食事の様子を見学しながら、飼育員による動物のガイドを聞くことができます。	健康状態や天候により中止する場合があります。,,,,,,,,,,,,,東公園・東公園動物園,,232025,,愛知県岡崎市欠町大山田1,愛知県,岡崎市,欠町大山田,1,,34.954227,137.19425,,,,,,,,,,,,,,,,,,,,,,,,,,,,,
232025,,OK0151016180,愛知県岡崎市,お食事タイム,,,,,,https://www.city.okazaki.lg.jp/zoo/tanosimu/1013177/1016180.html,,,パーク＆ネイチャー、パパママ＆ベビー、その他,,定期開催,2026/08/23,2026/08/23,10:30,11:45,,,2026/07/01,,,	動物たちの食事の様子を見学しながら、飼育員による動物のガイドを聞くことができます。	健康状態や天候により中止する場合があります。,,,,,,,,,,,,,東公園・東公園動物園,,232025,,愛知県岡崎市欠町大山田1,愛知県,岡崎市,欠町大山田,1,,34.954227,137.19425,,,,,,,,,,,,,,,,,,,,,,,,,,,,,
232025,,OK0161016180,愛知県岡崎市,お食事タイム,,,,,,https://www.city.okazaki.lg.jp/zoo/tanosimu/1013177/1016180.html,,,パーク＆ネイチャー、パパママ＆ベビー、その他,,定期開催,2026/08/29,2026/08/29,10:30,11:45,,,2026/07/01,,,	動物たちの食事の様子を見学しながら、飼育員による動物のガイドを聞くことができます。	健康状態や天候により中止する場合があります。,,,,,,,,,,,,,東公園・東公園動物園,,232025,,愛知県岡崎市欠町大山田1,愛知県,岡崎市,欠町大山田,1,,34.954227,137.19425,,,,,,,,,,,,,,,,,,,,,,,,,,,,,
232025,,OK0171016180,愛知県岡崎市,お食事タイム,,,,,,https://www.city.okazaki.lg.jp/zoo/tanosimu/1013177/1016180.html,,,パーク＆ネイチャー、パパママ＆ベビー、その他,,定期開催,2026/08/30,2026/08/30,10:30,11:45,,,2026/07/01,,,	動物たちの食事の様子を見学しながら、飼育員による動物のガイドを聞くことができます。	健康状態や天候により中止する場合があります。,,,,,,,,,,,,,東公園・東公園動物園,,232025,,愛知県岡崎市欠町大山田1,愛知県,岡崎市,欠町大山田,1,,34.954227,137.19425,,,,,,,,,,,,,,,,,,,,,,,,,,,,,
232025,,OK0181016180,愛知県岡崎市,お食事タイム,,,,,,https://www.city.okazaki.lg.jp/zoo/tanosimu/1013177/1016180.html,,,パーク＆ネイチャー、パパママ＆ベビー、その他,,定期開催,2026/09/05,2026/09/05,10:30,11:45,,,2026/07/01,,,	動物たちの食事の様子を見学しながら、飼育員による動物のガイドを聞くことができます。	健康状態や天候により中止する場合があります。,,,,,,,,,,,,,東公園・東公園動物園,,232025,,愛知県岡崎市欠町大山田1,愛知県,岡崎市,欠町大山田,1,,34.954227,137.19425,,,,,,,,,,,,,,,,,,,,,,,,,,,,,
232025,,OK0191016180,愛知県岡崎市,お食事タイム,,,,,,https://www.city.okazaki.lg.jp/zoo/tanosimu/1013177/1016180.html,,,パーク＆ネイチャー、パパママ＆ベビー、その他,,定期開催,2026/09/06,2026/09/06,10:30,11:45,,,2026/07/01,,,	動物たちの食事の様子を見学しながら、飼育員による動物のガイドを聞くことができます。	健康状態や天候により中止する場合があります。,,,,,,,,,,,,,東公園・東公園動物園,,232025,,愛知県岡崎市欠町大山田1,愛知県,岡崎市,欠町大山田,1,,34.954227,137.19425,,,,,,,,,,,,,,,,,,,,,,,,,,,,,
232025,,OK0201016180,愛知県岡崎市,お食事タイム,,,,,,https://www.city.okazaki.lg.jp/zoo/tanosimu/1013177/1016180.html,,,パーク＆ネイチャー、パパママ＆ベビー、その他,,定期開催,2026/09/12,2026/09/12,10:30,11:45,,,2026/07/01,,,	動物たちの食事の様子を見学しながら、飼育員による動物のガイドを聞くことができます。	健康状態や天候により中止する場合があります。,,,,,,,,,,,,,東公園・東公園動物園,,232025,,愛知県岡崎市欠町大山田1,愛知県,岡崎市,欠町大山田,1,,34.954227,137.19425,,,,,,,,,,,,,,,,,,,,,,,,,,,,,
232025,,OK0211016180,愛知県岡崎市,お食事タイム,,,,,,https://www.city.okazaki.lg.jp/zoo/tanosimu/1013177/1016180.html,,,パーク＆ネイチャー、パパママ＆ベビー、その他,,定期開催,2026/09/13,2026/09/13,10:30,11:45,,,2026/07/01,,,	動物たちの食事の様子を見学しながら、飼育員による動物のガイドを聞くことができます。	健康状態や天候により中止する場合があります。,,,,,,,,,,,,,東公園・東公園動物園,,232025,,愛知県岡崎市欠町大山田1,愛知県,岡崎市,欠町大山田,1,,34.954227,137.19425,,,,,,,,,,,,,,,,,,,,,,,,,,,,,
232025,,OK0221016180,愛知県岡崎市,お食事タイム,,,,,,https://www.city.okazaki.lg.jp/zoo/tanosimu/1013177/1016180.html,,,パーク＆ネイチャー、パパママ＆ベビー、その他,,定期開催,2026/09/19,2026/09/19,10:30,11:45,,,2026/07/01,,,	動物たちの食事の様子を見学しながら、飼育員による動物のガイドを聞くことができます。	健康状態や天候により中止する場合があります。,,,,,,,,,,,,,東公園・東公園動物園,,232025,,愛知県岡崎市欠町大山田1,愛知県,岡崎市,欠町大山田,1,,34.954227,137.19425,,,,,,,,,,,,,,,,,,,,,,,,,,,,,
232025,,OK0231016180,愛知県岡崎市,お食事タイム,,,,,,https://www.city.okazaki.lg.jp/zoo/tanosimu/1013177/1016180.html,,,パーク＆ネイチャー、パパママ＆ベビー、その他,,定期開催,2026/09/20,2026/09/20,10:30,11:45,,,2026/07/01,,,	動物たちの食事の様子を見学しながら、飼育員による動物のガイドを聞くことができます。	健康状態や天候により中止する場合があります。,,,,,,,,,,,,,東公園・東公園動物園,,232025,,愛知県岡崎市欠町大山田1,愛知県,岡崎市,欠町大山田,1,,34.954227,137.19425,,,,,,,,,,,,,,,,,,,,,,,,,,,,,
232025,,OK0241016180,愛知県岡崎市,お食事タイム,,,,,,https://www.city.okazaki.lg.jp/zoo/tanosimu/1013177/1016180.html,,,パーク＆ネイチャー、パパママ＆ベビー、その他,,定期開催,2026/09/26,2026/09/26,10:30,11:45,,,2026/07/01,,,	動物たちの食事の様子を見学しながら、飼育員による動物のガイドを聞くことができます。	健康状態や天候により中止する場合があります。,,,,,,,,,,,,,東公園・東公園動物園,,232025,,愛知県岡崎市欠町大山田1,愛知県,岡崎市,欠町大山田,1,,34.954227,137.19425,,,,,,,,,,,,,,,,,,,,,,,,,,,,,
232025,,OK0251016180,愛知県岡崎市,お食事タイム,,,,,,https://www.city.okazaki.lg.jp/zoo/tanosimu/1013177/1016180.html,,,パーク＆ネイチャー、パパママ＆ベビー、その他,,定期開催,2026/09/27,2026/09/27,10:30,11:45,,,2026/07/01,,,	動物たちの食事の様子を見学しながら、飼育員による動物のガイドを聞くことができます。	健康状態や天候により中止する場合があります。,,,,,,,,,,,,,東公園・東公園動物園,,232025,,愛知県岡崎市欠町大山田1,愛知県,岡崎市,欠町大山田,1,,34.954227,137.19425,,,,,,,,,,,,,,,,,,,,,,,,,,,,,
232025,,OK0261016180,愛知県岡崎市,お食事タイム,,,,,,https://www.city.okazaki.lg.jp/zoo/tanosimu/1013177/1016180.html,,,パーク＆ネイチャー、パパママ＆ベビー、その他,,定期開催,2026/10/03,2026/10/03,10:30,11:45,,,2026/07/01,,,	動物たちの食事の様子を見学しながら、飼育員による動物のガイドを聞くことができます。	健康状態や天候により中止する場合があります。,,,,,,,,,,,,,東公園・東公園動物園,,232025,,愛知県岡崎市欠町大山田1,愛知県,岡崎市,欠町大山田,1,,34.954227,137.19425,,,,,,,,,,,,,,,,,,,,,,,,,,,,,
232025,,OK0271016180,愛知県岡崎市,お食事タイム,,,,,,https://www.city.okazaki.lg.jp/zoo/tanosimu/1013177/1016180.html,,,パーク＆ネイチャー、パパママ＆ベビー、その他,,定期開催,2026/10/04,2026/10/04,10:30,11:45,,,2026/07/01,,,	動物たちの食事の様子を見学しながら、飼育員による動物のガイドを聞くことができます。	健康状態や天候により中止する場合があります。,,,,,,,,,,,,,東公園・東公園動物園,,232025,,愛知県岡崎市欠町大山田1,愛知県,岡崎市,欠町大山田,1,,34.954227,137.19425,,,,,,,,,,,,,,,,,,,,,,,,,,,,,
232025,,OK0281016180,愛知県岡崎市,お食事タイム,,,,,,https://www.city.okazaki.lg.jp/zoo/tanosimu/1013177/1016180.html,,,パーク＆ネイチャー、パパママ＆ベビー、その他,,定期開催,2026/10/10,2026/10/10,10:30,11:45,,,2026/07/01,,,	動物たちの食事の様子を見学しながら、飼育員による動物のガイドを聞くことができます。	健康状態や天候により中止する場合があります。,,,,,,,,,,,,,東公園・東公園動物園,,232025,,愛知県岡崎市欠町大山田1,愛知県,岡崎市,欠町大山田,1,,34.954227,137.19425,,,,,,,,,,,,,,,,,,,,,,,,,,,,,
232025,,OK0291016180,愛知県岡崎市,お食事タイム,,,,,,https://www.city.okazaki.lg.jp/zoo/tanosimu/1013177/1016180.html,,,パーク＆ネイチャー、パパママ＆ベビー、その他,,定期開催,2026/10/11,2026/10/11,10:30,11:45,,,2026/07/01,,,	動物たちの食事の様子を見学しながら、飼育員による動物のガイドを聞くことができます。	健康状態や天候により中止する場合があります。,,,,,,,,,,,,,東公園・東公園動物園,,232025,,愛知県岡崎市欠町大山田1,愛知県,岡崎市,欠町大山田,1,,34.954227,137.19425,,,,,,,,,,,,,,,,,,,,,,,,,,,,,
232025,,OK0301016180,愛知県岡崎市,お食事タイム,,,,,,https://www.city.okazaki.lg.jp/zoo/tanosimu/1013177/1016180.html,,,パーク＆ネイチャー、パパママ＆ベビー、その他,,定期開催,2026/10/17,2026/10/17,10:30,11:45,,,2026/07/01,,,	動物たちの食事の様子を見学しながら、飼育員による動物のガイドを聞くことができます。	健康状態や天候により中止する場合があります。,,,,,,,,,,,,,東公園・東公園動物園,,232025,,愛知県岡崎市欠町大山田1,愛知県,岡崎市,欠町大山田,1,,34.954227,137.19425,,,,,,,,,,,,,,,,,,,,,,,,,,,,,
232025,,OK0311016180,愛知県岡崎市,お食事タイム,,,,,,https://www.city.okazaki.lg.jp/zoo/tanosimu/1013177/1016180.html,,,パーク＆ネイチャー、パパママ＆ベビー、その他,,定期開催,2026/10/18,2026/10/18,10:30,11:45,,,2026/07/01,,,	動物たちの食事の様子を見学しながら、飼育員による動物のガイドを聞くことができます。	健康状態や天候により中止する場合があります。,,,,,,,,,,,,,東公園・東公園動物園,,232025,,愛知県岡崎市欠町大山田1,愛知県,岡崎市,欠町大山田,1,,34.954227,137.19425,,,,,,,,,,,,,,,,,,,,,,,,,,,,,
232025,,OK0321016180,愛知県岡崎市,お食事タイム,,,,,,https://www.city.okazaki.lg.jp/zoo/tanosimu/1013177/1016180.html,,,パーク＆ネイチャー、パパママ＆ベビー、その他,,定期開催,2026/10/24,2026/10/24,10:30,11:45,,,2026/07/01,,,	動物たちの食事の様子を見学しながら、飼育員による動物のガイドを聞くことができます。	健康状態や天候により中止する場合があります。,,,,,,,,,,,,,東公園・東公園動物園,,232025,,愛知県岡崎市欠町大山田1,愛知県,岡崎市,欠町大山田,1,,34.954227,137.19425,,,,,,,,,,,,,,,,,,,,,,,,,,,,,
232025,,OK0331016180,愛知県岡崎市,お食事タイム,,,,,,https://www.city.okazaki.lg.jp/zoo/tanosimu/1013177/1016180.html,,,パーク＆ネイチャー、パパママ＆ベビー、その他,,定期開催,2026/10/25,2026/10/25,10:30,11:45,,,2026/07/01,,,	動物たちの食事の様子を見学しながら、飼育員による動物のガイドを聞くことができます。	健康状態や天候により中止する場合があります。,,,,,,,,,,,,,東公園・東公園動物園,,232025,,愛知県岡崎市欠町大山田1,愛知県,岡崎市,欠町大山田,1,,34.954227,137.19425,,,,,,,,,,,,,,,,,,,,,,,,,,,,,
232025,,OK0341016180,愛知県岡崎市,お食事タイム,,,,,,https://www.city.okazaki.lg.jp/zoo/tanosimu/1013177/1016180.html,,,パーク＆ネイチャー、パパママ＆ベビー、その他,,定期開催,2026/10/31,2026/10/31,10:30,11:45,,,2026/07/01,,,	動物たちの食事の様子を見学しながら、飼育員による動物のガイドを聞くことができます。	健康状態や天候により中止する場合があります。,,,,,,,,,,,,,東公園・東公園動物園,,232025,,愛知県岡崎市欠町大山田1,愛知県,岡崎市,欠町大山田,1,,34.954227,137.19425,,,,,,,,,,,,,,,,,,,,,,,,,,,,,
232025,,OK0351016180,愛知県岡崎市,お食事タイム,,,,,,https://www.city.okazaki.lg.jp/zoo/tanosimu/1013177/1016180.html,,,パーク＆ネイチャー、パパママ＆ベビー、その他,,定期開催,2026/11/01,2026/11/01,10:30,11:45,,,2026/07/01,,,	動物たちの食事の様子を見学しながら、飼育員による動物のガイドを聞くことができます。	健康状態や天候により中止する場合があります。,,,,,,,,,,,,,東公園・東公園動物園,,232025,,愛知県岡崎市欠町大山田1,愛知県,岡崎市,欠町大山田,1,,34.954227,137.19425,,,,,,,,,,,,,,,,,,,,,,,,,,,,,
232025,,OK0361016180,愛知県岡崎市,お食事タイム,,,,,,https://www.city.okazaki.lg.jp/zoo/tanosimu/1013177/1016180.html,,,パーク＆ネイチャー、パパママ＆ベビー、その他,,定期開催,2026/11/07,2026/11/07,10:30,11:45,,,2026/07/01,,,	動物たちの食事の様子を見学しながら、飼育員による動物のガイドを聞くことができます。	健康状態や天候により中止する場合があります。,,,,,,,,,,,,,東公園・東公園動物園,,232025,,愛知県岡崎市欠町大山田1,愛知県,岡崎市,欠町大山田,1,,34.954227,137.19425,,,,,,,,,,,,,,,,,,,,,,,,,,,,,
232025,,OK0371016180,愛知県岡崎市,お食事タイム,,,,,,https://www.city.okazaki.lg.jp/zoo/tanosimu/1013177/1016180.html,,,パーク＆ネイチャー、パパママ＆ベビー、その他,,定期開催,2026/11/08,2026/11/08,10:30,11:45,,,2026/07/01,,,	動物たちの食事の様子を見学しながら、飼育員による動物のガイドを聞くことができます。	健康状態や天候により中止する場合があります。,,,,,,,,,,,,,東公園・東公園動物園,,232025,,愛知県岡崎市欠町大山田1,愛知県,岡崎市,欠町大山田,1,,34.954227,137.19425,,,,,,,,,,,,,,,,,,,,,,,,,,,,,
232025,,OK0381016180,愛知県岡崎市,お食事タイム,,,,,,https://www.city.okazaki.lg.jp/zoo/tanosimu/1013177/1016180.html,,,パーク＆ネイチャー、パパママ＆ベビー、その他,,定期開催,2026/11/14,2026/11/14,10:30,11:45,,,2026/07/01,,,	動物たちの食事の様子を見学しながら、飼育員による動物のガイドを聞くことができます。	健康状態や天候により中止する場合があります。,,,,,,,,,,,,,東公園・東公園動物園,,232025,,愛知県岡崎市欠町大山田1,愛知県,岡崎市,欠町大山田,1,,34.954227,137.19425,,,,,,,,,,,,,,,,,,,,,,,,,,,,,
232025,,OK0391016180,愛知県岡崎市,お食事タイム,,,,,,https://www.city.okazaki.lg.jp/zoo/tanosimu/1013177/1016180.html,,,パーク＆ネイチャー、パパママ＆ベビー、その他,,定期開催,2026/11/15,2026/11/15,10:30,11:45,,,2026/07/01,,,	動物たちの食事の様子を見学しながら、飼育員による動物のガイドを聞くことができます。	健康状態や天候により中止する場合があります。,,,,,,,,,,,,,東公園・東公園動物園,,232025,,愛知県岡崎市欠町大山田1,愛知県,岡崎市,欠町大山田,1,,34.954227,137.19425,,,,,,,,,,,,,,,,,,,,,,,,,,,,,
232025,,OK0401016180,愛知県岡崎市,お食事タイム,,,,,,https://www.city.okazaki.lg.jp/zoo/tanosimu/1013177/1016180.html,,,パーク＆ネイチャー、パパママ＆ベビー、その他,,定期開催,2026/11/21,2026/11/21,10:30,11:45,,,2026/07/01,,,	動物たちの食事の様子を見学しながら、飼育員による動物のガイドを聞くことができます。	健康状態や天候により中止する場合があります。,,,,,,,,,,,,,東公園・東公園動物園,,232025,,愛知県岡崎市欠町大山田1,愛知県,岡崎市,欠町大山田,1,,34.954227,137.19425,,,,,,,,,,,,,,,,,,,,,,,,,,,,,
232025,,OK0411016180,愛知県岡崎市,お食事タイム,,,,,,https://www.city.okazaki.lg.jp/zoo/tanosimu/1013177/1016180.html,,,パーク＆ネイチャー、パパママ＆ベビー、その他,,定期開催,2026/11/22,2026/11/22,10:30,11:45,,,2026/07/01,,,	動物たちの食事の様子を見学しながら、飼育員による動物のガイドを聞くことができます。	健康状態や天候により中止する場合があります。,,,,,,,,,,,,,東公園・東公園動物園,,232025,,愛知県岡崎市欠町大山田1,愛知県,岡崎市,欠町大山田,1,,34.954227,137.19425,,,,,,,,,,,,,,,,,,,,,,,,,,,,,
232025,,OK0421016180,愛知県岡崎市,お食事タイム,,,,,,https://www.city.okazaki.lg.jp/zoo/tanosimu/1013177/1016180.html,,,パーク＆ネイチャー、パパママ＆ベビー、その他,,定期開催,2026/11/28,2026/11/28,10:30,11:45,,,2026/07/01,,,	動物たちの食事の様子を見学しながら、飼育員による動物のガイドを聞くことができます。	健康状態や天候により中止する場合があります。,,,,,,,,,,,,,東公園・東公園動物園,,232025,,愛知県岡崎市欠町大山田1,愛知県,岡崎市,欠町大山田,1,,34.954227,137.19425,,,,,,,,,,,,,,,,,,,,,,,,,,,,,
232025,,OK0431016180,愛知県岡崎市,お食事タイム,,,,,,https://www.city.okazaki.lg.jp/zoo/tanosimu/1013177/1016180.html,,,パーク＆ネイチャー、パパママ＆ベビー、その他,,定期開催,2026/11/29,2026/11/29,10:30,11:45,,,2026/07/01,,,	動物たちの食事の様子を見学しながら、飼育員による動物のガイドを聞くことができます。	健康状態や天候により中止する場合があります。,,,,,,,,,,,,,東公園・東公園動物園,,232025,,愛知県岡崎市欠町大山田1,愛知県,岡崎市,欠町大山田,1,,34.954227,137.19425,,,,,,,,,,,,,,,,,,,,,,,,,,,,,
232025,,OK0441016180,愛知県岡崎市,お食事タイム,,,,,,https://www.city.okazaki.lg.jp/zoo/tanosimu/1013177/1016180.html,,,パーク＆ネイチャー、パパママ＆ベビー、その他,,定期開催,2026/12/05,2026/12/05,10:30,11:45,,,2026/07/01,,,	動物たちの食事の様子を見学しながら、飼育員による動物のガイドを聞くことができます。	健康状態や天候により中止する場合があります。,,,,,,,,,,,,,東公園・東公園動物園,,232025,,愛知県岡崎市欠町大山田1,愛知県,岡崎市,欠町大山田,1,,34.954227,137.19425,,,,,,,,,,,,,,,,,,,,,,,,,,,,,
232025,,OK0451016180,愛知県岡崎市,お食事タイム,,,,,,https://www.city.okazaki.lg.jp/zoo/tanosimu/1013177/1016180.html,,,パーク＆ネイチャー、パパママ＆ベビー、その他,,定期開催,2026/12/06,2026/12/06,10:30,11:45,,,2026/07/01,,,	動物たちの食事の様子を見学しながら、飼育員による動物のガイドを聞くことができます。	健康状態や天候により中止する場合があります。,,,,,,,,,,,,,東公園・東公園動物園,,232025,,愛知県岡崎市欠町大山田1,愛知県,岡崎市,欠町大山田,1,,34.954227,137.19425,,,,,,,,,,,,,,,,,,,,,,,,,,,,,
232025,,OK0461016180,愛知県岡崎市,お食事タイム,,,,,,https://www.city.okazaki.lg.jp/zoo/tanosimu/1013177/1016180.html,,,パーク＆ネイチャー、パパママ＆ベビー、その他,,定期開催,2026/12/12,2026/12/12,10:30,11:45,,,2026/07/01,,,	動物たちの食事の様子を見学しながら、飼育員による動物のガイドを聞くことができます。	健康状態や天候により中止する場合があります。,,,,,,,,,,,,,東公園・東公園動物園,,232025,,愛知県岡崎市欠町大山田1,愛知県,岡崎市,欠町大山田,1,,34.954227,137.19425,,,,,,,,,,,,,,,,,,,,,,,,,,,,,
232025,,OK0471016180,愛知県岡崎市,お食事タイム,,,,,,https://www.city.okazaki.lg.jp/zoo/tanosimu/1013177/1016180.html,,,パーク＆ネイチャー、パパママ＆ベビー、その他,,定期開催,2026/12/13,2026/12/13,10:30,11:45,,,2026/07/01,,,	動物たちの食事の様子を見学しながら、飼育員による動物のガイドを聞くことができます。	健康状態や天候により中止する場合があります。,,,,,,,,,,,,,東公園・東公園動物園,,232025,,愛知県岡崎市欠町大山田1,愛知県,岡崎市,欠町大山田,1,,34.954227,137.19425,,,,,,,,,,,,,,,,,,,,,,,,,,,,,
232025,,OK0481016180,愛知県岡崎市,お食事タイム,,,,,,https://www.city.okazaki.lg.jp/zoo/tanosimu/1013177/1016180.html,,,パーク＆ネイチャー、パパママ＆ベビー、その他,,定期開催,2026/12/19,2026/12/19,10:30,11:45,,,2026/07/01,,,	動物たちの食事の様子を見学しながら、飼育員による動物のガイドを聞くことができます。	健康状態や天候により中止する場合があります。,,,,,,,,,,,,,東公園・東公園動物園,,232025,,愛知県岡崎市欠町大山田1,愛知県,岡崎市,欠町大山田,1,,34.954227,137.19425,,,,,,,,,,,,,,,,,,,,,,,,,,,,,
232025,,OK0491016180,愛知県岡崎市,お食事タイム,,,,,,https://www.city.okazaki.lg.jp/zoo/tanosimu/1013177/1016180.html,,,パーク＆ネイチャー、パパママ＆ベビー、その他,,定期開催,2026/12/20,2026/12/20,10:30,11:45,,,2026/07/01,,,	動物たちの食事の様子を見学しながら、飼育員による動物のガイドを聞くことができます。	健康状態や天候により中止する場合があります。,,,,,,,,,,,,,東公園・東公園動物園,,232025,,愛知県岡崎市欠町大山田1,愛知県,岡崎市,欠町大山田,1,,34.954227,137.19425,,,,,,,,,,,,,,,,,,,,,,,,,,,,,
232025,,OK0501016180,愛知県岡崎市,お食事タイム,,,,,,https://www.city.okazaki.lg.jp/zoo/tanosimu/1013177/1016180.html,,,パーク＆ネイチャー、パパママ＆ベビー、その他,,定期開催,2026/12/26,2026/12/26,10:30,11:45,,,2026/07/01,,,	動物たちの食事の様子を見学しながら、飼育員による動物のガイドを聞くことができます。	健康状態や天候により中止する場合があります。,,,,,,,,,,,,,東公園・東公園動物園,,232025,,愛知県岡崎市欠町大山田1,愛知県,岡崎市,欠町大山田,1,,34.954227,137.19425,,,,,,,,,,,,,,,,,,,,,,,,,,,,,
232025,,OK0511016180,愛知県岡崎市,お食事タイム,,,,,,https://www.city.okazaki.lg.jp/zoo/tanosimu/1013177/1016180.html,,,パーク＆ネイチャー、パパママ＆ベビー、その他,,定期開催,2026/12/27,2026/12/27,10:30,11:45,,,2026/07/01,,,	動物たちの食事の様子を見学しながら、飼育員による動物のガイドを聞くことができます。	健康状態や天候により中止する場合があります。,,,,,,,,,,,,,東公園・東公園動物園,,232025,,愛知県岡崎市欠町大山田1,愛知県,岡崎市,欠町大山田,1,,34.954227,137.19425,,,,,,,,,,,,,,,,,,,,,,,,,,,,,
232025,,OK0001015721,愛知県岡崎市,くらべてみよう！いろんな鳥のくちばし編,,,,,,https://www.city.okazaki.lg.jp/zoo/tanosimu/1013177/1015721.html,,,パーク＆ネイチャー、その他,,,2026/09/13,2026/09/13,13:30,15:00,,,2026/07/16,,,色々な形の鳥のくちばしと食性を学び、動物園にいる鳥類（オウム・インコ・フラミンゴ・カモ）のくちばしを観察する。,,,,,,,,,,,,,東公園・東公園動物園,,232025,,愛知県岡崎市欠町大山田1,愛知県,岡崎市,欠町大山田,1,,34.954227,137.19425,,,,,,,,先着4組（1組4名まで）,,,,,,,,,,,,,,,,,,,,,
232025,,OK0001015720,愛知県岡崎市,もっとおうまさんとなかよくなろう！,,,,,,https://www.city.okazaki.lg.jp/zoo/tanosimu/1013177/1015720.html,,,パーク＆ネイチャー、その他,,,2026/09/06,2026/09/06,13:30,14:30,,,2026/07/16,,,	ウマの生態や食性を学び、ウマへの理解を深める	東公園動物園で暮らすウマたちの行動や性格の違いを観察し、お世話を体験する,,,,,,,,,,,,,東公園・東公園動物園,,232025,,愛知県岡崎市欠町大山田1,愛知県,岡崎市,欠町大山田,1,,34.954227,137.19425,,,,,,,,3組（1組4人まで）応募多数の場合は抽選,,,,,,,2026-08-17,00:00,,,,,,,,,,,,,
232025,,OK0001015719,愛知県岡崎市,ありがとうふじ子デー,,,,,,https://www.city.okazaki.lg.jp/zoo/tanosimu/1013177/1015719.html,,,パーク＆ネイチャー、その他,,,2026/08/30,2026/08/30,09:00,16:00,,,2026/07/16,,,ゾウ舎内と放飼場の特別開放	ゾウ舎寝室、放飼場を特別開放します。	ご自由にご観覧ください。クイズラリー	10時から	先着100人	参加者にはふじ子のポストカードをプレゼント飼育員による思い出ガイド	11時から11時15分	13時30分から13時45分	ご自由にご参加ください。剥製の展示	11時から16時	ふじ子の鼻と耳の剥製をご覧いただけます。,,,,,,,,,,,,,東公園・東公園動物園,,232025,,愛知県岡崎市欠町大山田1,愛知県,岡崎市,欠町大山田,1,,34.954227,137.19425,,,,,,,,,,,,,,,,,,,,,,,,,,,https://www.city.okazaki.lg.jp/_res/projects/default_project/_page_/001/015/719/01.png,,
232025,,OK0001015838,愛知県岡崎市,碧南海浜水族館がやってくる,,,,,,https://www.city.okazaki.lg.jp/zoo/tanosimu/1013177/1015838.html,,,パーク＆ネイチャー、パパママ＆ベビー、その他,,,2026/08/23,2026/08/23,10:30,15:00,,,2026/07/16,,,	海の生き物の展示とふれあい	ペーパーキャップづくり（各先着50人）,,,なし,,,,,,,,,,東公園・東公園動物園,,232025,,愛知県岡崎市欠町大山田1,愛知県,岡崎市,欠町大山田,1,,34.954227,137.19425,,,,,,,,,,,,,,,,,,,,,,,,,,,,,
232025,,OK0041014885,愛知県岡崎市,どうぶつえんうらがわ探検,,,,,,https://www.city.okazaki.lg.jp/zoo/tanosimu/1013177/1014885.html,,,パーク＆ネイチャー、パパママ＆ベビー、その他,,定期開催,2026/08/01,2026/08/01,11:00,12:00,,,2026/05/21,,,普段は見ることのできない動物園の裏側（バックヤード）を、飼育員と回ることができる夏休み限定のイベントです。,,,,,,,,,,,,,東公園・東公園動物園,,232025,,愛知県岡崎市欠町大山田1,愛知県,岡崎市,欠町大山田,1,,34.954227,137.19425,,,,,,,,1日4組（1組3人まで）、抽選,,,,,,,2026-06-14,00:00,,,,,,,,,,,https://www.city.okazaki.lg.jp/_res/projects/default_project/_page_/001/014/885/00.png,,
232025,,OK0051014885,愛知県岡崎市,どうぶつえんうらがわ探検,,,,,,https://www.city.okazaki.lg.jp/zoo/tanosimu/1013177/1014885.html,,,パーク＆ネイチャー、パパママ＆ベビー、その他,,定期開催,2026/08/02,2026/08/02,11:00,12:00,,,2026/05/21,,,普段は見ることのできない動物園の裏側（バックヤード）を、飼育員と回ることができる夏休み限定のイベントです。,,,,,,,,,,,,,東公園・東公園動物園,,232025,,愛知県岡崎市欠町大山田1,愛知県,岡崎市,欠町大山田,1,,34.954227,137.19425,,,,,,,,1日4組（1組3人まで）、抽選,,,,,,,2026-06-14,00:00,,,,,,,,,,,https://www.city.okazaki.lg.jp/_res/projects/default_project/_page_/001/014/885/00.png,,
232025,,OK0061014885,愛知県岡崎市,どうぶつえんうらがわ探検,,,,,,https://www.city.okazaki.lg.jp/zoo/tanosimu/1013177/1014885.html,,,パーク＆ネイチャー、パパママ＆ベビー、その他,,定期開催,2026/08/08,2026/08/08,11:00,12:00,,,2026/05/21,,,普段は見ることのできない動物園の裏側（バックヤード）を、飼育員と回ることができる夏休み限定のイベントです。,,,,,,,,,,,,,東公園・東公園動物園,,232025,,愛知県岡崎市欠町大山田1,愛知県,岡崎市,欠町大山田,1,,34.954227,137.19425,,,,,,,,1日4組（1組3人まで）、抽選,,,,,,,2026-06-14,00:00,,,,,,,,,,,https://www.city.okazaki.lg.jp/_res/projects/default_project/_page_/001/014/885/00.png,,
232025,,OK0071014885,愛知県岡崎市,どうぶつえんうらがわ探検,,,,,,https://www.city.okazaki.lg.jp/zoo/tanosimu/1013177/1014885.html,,,パーク＆ネイチャー、パパママ＆ベビー、その他,,定期開催,2026/08/09,2026/08/09,11:00,12:00,,,2026/05/21,,,普段は見ることのできない動物園の裏側（バックヤード）を、飼育員と回ることができる夏休み限定のイベントです。,,,,,,,,,,,,,東公園・東公園動物園,,232025,,愛知県岡崎市欠町大山田1,愛知県,岡崎市,欠町大山田,1,,34.954227,137.19425,,,,,,,,1日4組（1組3人まで）、抽選,,,,,,,2026-06-14,00:00,,,,,,,,,,,https://www.city.okazaki.lg.jp/_res/projects/default_project/_page_/001/014/885/00.png,,
232025,,OK0081014885,愛知県岡崎市,どうぶつえんうらがわ探検,,,,,,https://www.city.okazaki.lg.jp/zoo/tanosimu/1013177/1014885.html,,,パーク＆ネイチャー、パパママ＆ベビー、その他,,定期開催,2026/08/15,2026/08/15,11:00,12:00,,,2026/05/21,,,普段は見ることのできない動物園の裏側（バックヤード）を、飼育員と回ることができる夏休み限定のイベントです。,,,,,,,,,,,,,東公園・東公園動物園,,232025,,愛知県岡崎市欠町大山田1,愛知県,岡崎市,欠町大山田,1,,34.954227,137.19425,,,,,,,,1日4組（1組3人まで）、抽選,,,,,,,2026-06-14,00:00,,,,,,,,,,,https://www.city.okazaki.lg.jp/_res/projects/default_project/_page_/001/014/885/00.png,,
232025,,OK0091014885,愛知県岡崎市,どうぶつえんうらがわ探検,,,,,,https://www.city.okazaki.lg.jp/zoo/tanosimu/1013177/1014885.html,,,パーク＆ネイチャー、パパママ＆ベビー、その他,,定期開催,2026/08/16,2026/08/16,11:00,12:00,,,2026/05/21,,,普段は見ることのできない動物園の裏側（バックヤード）を、飼育員と回ることができる夏休み限定のイベントです。,,,,,,,,,,,,,東公園・東公園動物園,,232025,,愛知県岡崎市欠町大山田1,愛知県,岡崎市,欠町大山田,1,,34.954227,137.19425,,,,,,,,1日4組（1組3人まで）、抽選,,,,,,,2026-06-14,00:00,,,,,,,,,,,https://www.city.okazaki.lg.jp/_res/projects/default_project/_page_/001/014/885/00.png,,
232025,,OK0101014885,愛知県岡崎市,どうぶつえんうらがわ探検,,,,,,https://www.city.okazaki.lg.jp/zoo/tanosimu/1013177/1014885.html,,,パーク＆ネイチャー、パパママ＆ベビー、その他,,定期開催,2026/08/22,2026/08/22,11:00,12:00,,,2026/05/21,,,普段は見ることのできない動物園の裏側（バックヤード）を、飼育員と回ることができる夏休み限定のイベントです。,,,,,,,,,,,,,東公園・東公園動物園,,232025,,愛知県岡崎市欠町大山田1,愛知県,岡崎市,欠町大山田,1,,34.954227,137.19425,,,,,,,,1日4組（1組3人まで）、抽選,,,,,,,2026-06-14,00:00,,,,,,,,,,,https://www.city.okazaki.lg.jp/_res/projects/default_project/_page_/001/014/885/00.png,,
232025,,OK0111014885,愛知県岡崎市,どうぶつえんうらがわ探検,,,,,,https://www.city.okazaki.lg.jp/zoo/tanosimu/1013177/1014885.html,,,パーク＆ネイチャー、パパママ＆ベビー、その他,,定期開催,2026/08/23,2026/08/23,11:00,12:00,,,2026/05/21,,,普段は見ることのできない動物園の裏側（バックヤード）を、飼育員と回ることができる夏休み限定のイベントです。,,,,,,,,,,,,,東公園・東公園動物園,,232025,,愛知県岡崎市欠町大山田1,愛知県,岡崎市,欠町大山田,1,,34.954227,137.19425,,,,,,,,1日4組（1組3人まで）、抽選,,,,,,,2026-06-14,00:00,,,,,,,,,,,https://www.city.okazaki.lg.jp/_res/projects/default_project/_page_/001/014/885/00.png,,
232025,,OK0001016065,愛知県岡崎市,特別教室 「古代エジプトの世界を作ってみよう！」,,,,,,https://www.city.okazaki.lg.jp/kobihaku/event/1014587/1016065.html,,,パパママ＆ベビー、芸術＆文化,,,2026/06/27,2026/09/13,09:00,17:00,,,2026/07/01,,各教室でピラミッドや古代エジプト関連のアイテムを作ります。,各教室でピラミッドや古代エジプト関連のアイテムを作る。,,,350円～,,,,,,,,,,おかざき世界子ども美術博物館,,232025,,愛知県岡崎市岡町鳥居戸1-1,愛知県,岡崎市,岡町鳥居戸,1-1,,34.926953,137.213666,,,,,,,,,,,,,,,,,,,,,,,,,,,,,
232025,,OK0001016064,愛知県岡崎市,特別教室「敬老の日のプレゼント」,,,,,,https://www.city.okazaki.lg.jp/kobihaku/event/1014587/1016064.html,,,パパママ＆ベビー、芸術＆文化,,,2026/08/29,2026/09/23,09:00,17:00,,,2026/07/01,,各教室で敬老の日に贈るプレゼントを作ります。,各教室で敬老の日に贈るアイテムを作る。,,,200円～,,,,,,,,,,おかざき世界子ども美術博物館,,232025,,愛知県岡崎市岡町鳥居戸1-1,愛知県,岡崎市,岡町鳥居戸,1-1,,34.926953,137.213666,,,,,,,,,,,,,,,,,,,,,,,,,,,,,
232025,,OK0001015733,愛知県岡崎市,親子教室「クルクル糸かけアート 花火の貯金箱」,,,,,,https://www.city.okazaki.lg.jp/kobihaku/event/1014587/1015733.html,,,パパママ＆ベビー、芸術＆文化,,,2026/08/02,2026/08/02,13:00,15:00,,,2026/06/02,,丸い台紙に一定の間隔で切れ目を入れて糸を巻いて模様を作り、お金を入れると回転する貯金箱を作る。,丸い台紙に一定の間隔で切れ目を入れて糸を巻いて模様を作り、お金を入れると回転する貯金箱を作る。,,,600円,,,,,,,,,,おかざき世界子ども美術博物館,,232025,,愛知県岡崎市岡町鳥居戸1-1,愛知県,岡崎市,岡町鳥居戸,1-1,,34.926953,137.213666,,,,,,,,12組（先着）,,,,,,,,,,,,,,,,,,,,,
232025,,OK0001016130,愛知県岡崎市,市議会／ハラスメント対策調査検討特別委員会,,,,,,https://www.city.okazaki.lg.jp/shigikai/kaigi/1014122/1014845/1016130.html,,,その他,,,2026/07/31,2026/07/31,13:15,15:15,,,2026/07/02,2026/07/31,,議題：ハラスメント撲滅宣言の検討及び調査報告書の取りまとめについて,,,,,,,,,,,,,,,,,,,,,,,,,,,,,,,,,,,,,,,,,,,,,,,,,,,,,
232025,,OK0001015714,愛知県岡崎市,こどもワールドレクチャー,,,,,,https://www.city.okazaki.lg.jp/bunka/shogaigakushu/1004849/1015570/1015714.html,,,芸術＆文化,,,2026/08/23,2026/08/23,10:00,12:00,,,2026/06/22,2026/08/23,,外国出身の講師3人（中国、アラブ首長国連邦、チェコ）を招き、母国の暮らし、文化、自然環境などについて写真やビデオを使い、児童向けに紹介する。,,,無料,,,,,,,,,,図書館交流プラザりぶら,,232025,,愛知県岡崎市康生通西4丁目71,愛知県,岡崎市,康生通西4丁目,71,,34.959504,137.159495,,,,,,,,100人（先着）,,,,,,,2026-08-15,00:00,,,,,,,,,,,,,
232025,,OK0001015690,愛知県岡崎市,ことばの教室「ベトナム語」,,,,,,https://www.city.okazaki.lg.jp/bunka/shogaigakushu/1004849/1015570/1015690.html,,,芸術＆文化,,,2026/08/11,2026/08/11,14:00,15:30,,,2026/06/23,2026/08/11,,外国人市民との交流のきっかけとなる会話を学ぶ入門者向けベトナム語講座,,,無料,,,,,,,,,,,,,,,,,,,,,,,,,,,,,24人（先着）,,,,,,,,,,,,,,,,,,,,,
232025,,OK0001015682,愛知県岡崎市,ワークショップ＆ワールドレクチャー「オランダ」,,,,,,https://www.city.okazaki.lg.jp/bunka/shogaigakushu/1004849/1015570/1015682.html,,,芸術＆文化,,,2026/08/06,2026/08/06,14:00,15:30,,,2026/06/23,2026/08/06,,オランダの学校で行っている教育プラグラム・押し花アートを体験！オランダ人による挨拶レクチャー＆文化紹介！,,,"1作品1,000円（親子で2作品の場合2,000円／講師に直接お支払いください）",,,,,,,,,,図書館交流プラザりぶら,,232025,,愛知県岡崎市康生通西4丁目71,愛知県,岡崎市,康生通西4丁目,71,,34.959504,137.159495,,,,,,,,20人（先着、保護者付き添い可）,,,,,,,,,,,,,,,,,,,,,
232025,,KN0000000061,愛知県岡崎市,くらがり渓谷紅葉まつり,,,,,,https://okazaki-kanko.jp/mizutomidori/program/2316,,,その他,,,2026/11/14,2026/11/29,,,,,,,,くらがり渓谷の紅葉まつりです。期間最終日に、くらがり感謝祭を開催します。,,,,,,,,,,,,,くらがり渓谷,,232025,,愛知県岡崎市石原町牧原日影2-2,愛知県,岡崎市,石原町牧原日影,2-2,,34.937642,137.400178,,,,,,,,,,,,,,,,,,,,,https://okazaki-kanko.jp/mizutomidori/program/2316,,,,,,,,
232025,,KN0000000095,愛知県岡崎市,岡崎“天下一”室内楽音楽祭　前夜祭,,,,,,https://www.civic.okazaki.aichi.jp/events/event/20260903tenkaichi_zennyasai/#gsc.tab=0,,,芸術＆文化,,,2026/09/03,2026/09/03,17:00,,,,,,,出演者とともに音楽祭の立ち上げを祝う前夜祭を開催します。,,,,,,,,,,,,,シビックセンター,,232025,,愛知県岡崎市羽根町貴登野15,愛知県,岡崎市,羽根町貴登野,15,,34.930184,137.159988,,,,,,,,,,,,,,,,,,,,,https://www.civic.okazaki.aichi.jp/events/event/20260903tenkaichi_zennyasai/#gsc.tab=0,,,,,,,,
232025,,KN0000000096,愛知県岡崎市,岡崎“天下一”室内楽音楽祭　オープニングコンサート,,,,,,https://www.civic.okazaki.aichi.jp/events/event/20260904tenkaichi_opening/#gsc.tab=0,,,芸術＆文化,,,2026/09/04,2026/09/04,18:30,,,,,,,リニューアルしたコロネットの幕開けを彩るチェロと室内オーケストラのコンサートを開催します。,,,,,,,,,,,,,シビックセンター,,232025,,愛知県岡崎市羽根町貴登野15,愛知県,岡崎市,羽根町貴登野,15,,34.930184,137.159988,,,,,,,,,,,,,,,,,,,,,https://www.civic.okazaki.aichi.jp/events/event/20260904tenkaichi_opening/#gsc.tab=0,,,,,,,,
232025,,KN0000000097,愛知県岡崎市,岡崎“天下一”室内楽音楽祭　シビック・ミュージックフェスタ,,,,,,https://www.civic.okazaki.aichi.jp/events/event/202609005tenkaichi_festa/#gsc.tab=0,,,芸術＆文化,,,2026/09/05,2026/09/05,11:00,15:00,,,,,,ファミリーコンサートと同日にだれもが気軽に音楽・文化に親しめる音楽フェスタを開催します。,,,,,,,,,,,,,シビックセンター,,232025,,愛知県岡崎市羽根町貴登野15,愛知県,岡崎市,羽根町貴登野,15,,34.930184,137.159988,,,,,,,,,,,,,,,,,,,,,https://www.civic.okazaki.aichi.jp/events/event/202609005tenkaichi_festa/#gsc.tab=0,,,,,,,,
232025,,KN0000000098,愛知県岡崎市,岡崎“天下一”室内楽音楽祭　ファミリーコンサート,,,,,,https://www.civic.okazaki.aichi.jp/events/event/20260905tenkaichi_family/#gsc.tab=0,,,芸術＆文化,,,2026/09/05,2026/09/05,11:30,,,,,,,0歳から大人まで本物の室内楽を楽しめるコンサートを開催します。,,,,,,,,,,,,,シビックセンター,,232025,,愛知県岡崎市羽根町貴登野15,愛知県,岡崎市,羽根町貴登野,15,,34.930184,137.159988,,,,,,,,,,,,,,,,,,,,,https://www.civic.okazaki.aichi.jp/events/event/20260905tenkaichi_family/#gsc.tab=0,,,,,,,,
232025,,KN0000000099,愛知県岡崎市,岡崎“天下一”室内楽音楽祭　ソロコンサート～音楽家の肖像J.S.バッハ～～,,,,,,https://www.civic.okazaki.aichi.jp/events/event/20260905tenkaichi_solo/#gsc.tab=0,,,芸術＆文化,,,2026/09/05,2026/09/05,18:00,,,,,,,長原幸太(ヴァイオリン)、鈴木康浩(ヴィオラ)、中木健二(チェロ)の三名によるソロコンサートを開催します。,,,,,,,,,,,,,シビックセンター,,232025,,愛知県岡崎市羽根町貴登野15,愛知県,岡崎市,羽根町貴登野,15,,34.930184,137.159988,,,,,,,,,,,,,,,,,,,,,https://www.civic.okazaki.aichi.jp/events/event/20260905tenkaichi_solo/#gsc.tab=0,,,,,,,,
232025,,KN0000000100,愛知県岡崎市,岡崎“天下一”室内楽音楽祭　アカデミー受講生によるロビーコンサート,,,,,,https://www.civic.okazaki.aichi.jp/events/event/20260906tenkaichi_lobby/#gsc.tab=0,,,芸術＆文化,,,2026/09/06,2026/09/06,11:00,,,,,,,アンサンブル天下統一が講師を務めるアンサンブルアカデミーの受講生によるロビーコンサートを開催します。,,,,,,,,,,,,,シビックセンター,,232025,,愛知県岡崎市羽根町貴登野15,愛知県,岡崎市,羽根町貴登野,15,,34.930184,137.159988,,,,,,,,,,,,,,,,,,,,,https://www.civic.okazaki.aichi.jp/events/event/20260906tenkaichi_lobby/#gsc.tab=0,,,,,,,,
232025,,KN0000000101,愛知県岡崎市,岡崎“天下一”室内楽音楽祭　クロージングコンサート～天下統一～,,,,,,https://www.civic.okazaki.aichi.jp/events/event/20260906tenkaichi_closing/#gsc.tab=0,,,芸術＆文化,,,2026/09/06,2026/09/06,15:00,,,,,,,弦楽三重奏で音楽祭を締めくくるコンサートを開催します。,,,,,,,,,,,,,シビックセンター,,232025,,愛知県岡崎市羽根町貴登野15,愛知県,岡崎市,羽根町貴登野,15,,34.930184,137.159988,,,,,,,,,,,,,,,,,,,,,https://www.civic.okazaki.aichi.jp/events/event/20260906tenkaichi_closing/#gsc.tab=0,,,,,,,,
232025,,KN0000000077,愛知県岡崎市,海上自衛隊舞鶴音楽隊コンサートin岡崎2026,,,,,,https://shiminkaikan.com/event/2026/08/in2026.html,,,芸術＆文化,,,2026/08/08,2026/08/08,13:30,,,,,,,幅広いジャンルの曲目で構成し、老若男女が楽しめるコンサートを無料で開催します。休憩時にはシェイクアウト訓練を実施予定。,,,,,,,,,,,,,岡崎市民会館・甲山閣,,232025,,愛知県岡崎市六供町出崎15-1,愛知県,岡崎市,六供町出崎,15-1,,34.962545,137.168076,,,,,,,,,,,,,,,2026/06/26,,,,,,https://shiminkaikan.com/event/2026/08/in2026.html,,,,,,,,
232025,,KN0000000078,愛知県岡崎市,赤ちゃん教室＠甲山閣 心と体を育てる親子ふれあいベビーマッサージ教室,,,,,,https://shiminkaikan.com/lesson/,,,パパママ＆ベビー,,,2026/08/07,2026/08/07,10:30,11:20,,,,,,2ヶ月～1歳未満の赤ちゃんを対象にベビーマッサージ教室を通して、赤ちゃんとの遊び方・寝かせ方・離乳食・発達・お世話する時のポイントをお伝えしながら、赤ちゃんの心と体の発達をサポートする教室,,,,,,,,,,,,,岡崎市民会館・甲山閣,,232025,,愛知県岡崎市六供町出崎15-1,愛知県,岡崎市,六供町出崎,15-1,,34.962545,137.168076,,,,,,,,,,,,,,,,,,,,,https://shiminkaikan.com/lesson/,,,,,,,,
232025,,KN0000000079,愛知県岡崎市,赤ちゃん教室＠甲山閣 心と体を育てる親子ふれあいベビーマッサージ教室,,,,,,https://shiminkaikan.com/lesson/,,,パパママ＆ベビー,,,2026/08/28,2026/08/28,10:30,11:20,,,,,,2ヶ月～1歳未満の赤ちゃんを対象にベビーマッサージ教室を通して、赤ちゃんとの遊び方・寝かせ方・離乳食・発達・お世話する時のポイントをお伝えしながら、赤ちゃんの心と体の発達をサポートする教室,,,,,,,,,,,,,岡崎市民会館・甲山閣,,232025,,愛知県岡崎市六供町出崎15-1,愛知県,岡崎市,六供町出崎,15-1,,34.962545,137.168076,,,,,,,,,,,,,,,,,,,,,https://shiminkaikan.com/lesson/,,,,,,,,
232025,,KN0000000080,愛知県岡崎市,赤ちゃん教室＠甲山閣 心と体を育てる親子ふれあいベビーマッサージ教室,,,,,,https://shiminkaikan.com/lesson/,,,パパママ＆ベビー,,,2026/09/11,2026/09/11,10:30,11:20,,,,,,2ヶ月～1歳未満の赤ちゃんを対象にベビーマッサージ教室を通して、赤ちゃんとの遊び方・寝かせ方・離乳食・発達・お世話する時のポイントをお伝えしながら、赤ちゃんの心と体の発達をサポートする教室,,,,,,,,,,,,,岡崎市民会館・甲山閣,,232025,,愛知県岡崎市六供町出崎15-1,愛知県,岡崎市,六供町出崎,15-1,,34.962545,137.168076,,,,,,,,,,,,,,,,,,,,,https://shiminkaikan.com/lesson/,,,,,,,,
232025,,KN0000000081,愛知県岡崎市,赤ちゃん教室＠甲山閣 心と体を育てる親子ふれあいベビーマッサージ教室,,,,,,https://shiminkaikan.com/lesson/,,,パパママ＆ベビー,,,2026/09/25,2026/09/25,10:30,11:20,,,,,,2ヶ月～1歳未満の赤ちゃんを対象にベビーマッサージ教室を通して、赤ちゃんとの遊び方・寝かせ方・離乳食・発達・お世話する時のポイントをお伝えしながら、赤ちゃんの心と体の発達をサポートする教室,,,,,,,,,,,,,岡崎市民会館・甲山閣,,232025,,愛知県岡崎市六供町出崎15-1,愛知県,岡崎市,六供町出崎,15-1,,34.962545,137.168076,,,,,,,,,,,,,,,,,,,,,https://shiminkaikan.com/lesson/,,,,,,,,
232025,,KN0000000092,愛知県岡崎市,奥殿陣屋　金鳳亭季節のメニュー「笹ずし」,,,,,,https://okazaki-kanko.jp/okutono-jinya/news/425,,,パーク＆ネイチャー,,,2026/07/01,2026/09/04,11:00,14:30,,,,,,暑い夏にさっぱりとした笹ずしはいかがですか。,,,,,,,,,,,,,奥殿陣屋,,232025,,愛知県岡崎市奥殿町雑谷下10,愛知県,岡崎市,奥殿町雑谷下,10,,35.029197,137.194901,,,,,,,,,,,,,,,,,,,,,https://okazaki-kanko.jp/okutono-jinya/news/425,,,,,,,,
232025,,KN0000000102,愛知県岡崎市,プレミアムコンサートシリーズ　ルノー・カプソン　ヴァイオリン・リサイタル,,,,,,https://www.civic.okazaki.aichi.jp/#gsc.tab=0,,,芸術＆文化,,,2026/10/03,2026/10/03,15:00,,,,,,,世界の名だたるオーケストラ名指揮者と共演し、世界で活躍しているヴァイオリニストのリサイタル,,,,,,,,,,,,,シビックセンター,,232025,,愛知県岡崎市羽根町貴登野15,愛知県,岡崎市,羽根町貴登野,15,,34.930184,137.159988,,,,,,,,,,,,,,,,,,,,,https://www.civic.okazaki.aichi.jp/#gsc.tab=0,,,,,,,,
232025,,KN0000000147,愛知県岡崎市,まめ吉健幸塾 ベビママハッピーYOGA（4回コース）8月度,,,,,,https://www.okazakigenkikan.jp/,,,その他,,,2026/08/08,2026/08/29,09:50,10:50,,,,,,岡崎げんき館3階スタジオを会場に、生後3ヶ月～1歳未満の母子を対象として開講するヨガ教室です。,,,,,,,,,,,,,岡崎げんき館,,232025,,愛知県岡崎市若宮町2丁目1-1,愛知県,岡崎市,若宮町2丁目,1-1,,34.953255,137.180919,,,,,,,,,,,,,,,2026/07/10,,,,,,https://www.okazakigenkikan.jp/,,,,,,,,
232025,,KN0000000148,愛知県岡崎市, まめ吉健幸塾 ベビママハッピーYOGA（4回コース）9月,,,,,,https://www.okazakigenkikan.jp/,,,その他,,,2026/09/05,2026/09/26,09:50,10:50,,,,,,岡崎げんき館3階スタジオを会場に、生後3ヶ月～1歳未満の母子を対象として開講するヨガ教室です。,,,,,,,,,,,,,岡崎げんき館,,232025,,愛知県岡崎市若宮町2丁目1-1,愛知県,岡崎市,若宮町2丁目,1-1,,34.953255,137.180919,,,,,,,,,,,,,,,2026/08/10,,,,,,https://www.okazakigenkikan.jp/,,,,,,,,
232025,,KN0000000150,愛知県岡崎市,まめ吉健幸塾 託児付き産後ママリフレッシュ教室（4回コース）7月,,,,,,https://www.okazakigenkikan.jp/,,,その他,,,2026/07/31,2026/08/28,10:30,11:30,,,,,,岡崎げんき館3階スタジオを会場に、生後2ヶ月～1歳未満のお子様をお持ちのお母様を対象として開講する産後ケアの教室です。,,,,,,,,,,,,,岡崎げんき館,,232025,,愛知県岡崎市若宮町2丁目1-1,愛知県,岡崎市,若宮町2丁目,1-1,,34.953255,137.180919,,,,,,,,,,,,,,,2026/07/10,,,,,,https://www.okazakigenkikan.jp/,,,,,,,,
232025,,KN0000000151,愛知県岡崎市, まめ吉健幸塾 託児付き産後ママリフレッシュ教室（4回コース）9月,,,,,,https://www.okazakigenkikan.jp/,,,その他,,,2026/09/04,2026/09/25,10:30,11:30,,,,,,岡崎げんき館3階スタジオを会場に、生後2ヶ月～1歳未満のお子様をお持ちのお母様を対象として開講する産後ケアの教室です。,,,,,,,,,,,,,岡崎げんき館,,232025,,愛知県岡崎市若宮町2丁目1-1,愛知県,岡崎市,若宮町2丁目,1-1,,34.953255,137.180919,,,,,,,,,,,,,,,2026/08/10,,,,,,https://www.okazakigenkikan.jp/,,,,,,,,
232025,,KN0000000161,愛知県岡崎市,奥殿陣屋　親子造形教室作品展「風鈴」,,,,,,https://okazaki-kanko.jp/okutono-jinya/program/3503,,,パーク＆ネイチャー,,,2026/08/01,2026/08/30,,,,,,,,書院で開催。様々な風鈴の音が涼しさを運んできます。,,,,,,,,,,,,,奥殿陣屋,,232025,,愛知県岡崎市奥殿町雑谷下10,愛知県,岡崎市,奥殿町雑谷下,10,,35.029197,137.194901,,,,,,,,,,,,,,,,,,,,,https://okazaki-kanko.jp/okutono-jinya/program/3503,,,,,,,,
232025,,KN0000000170,愛知県岡崎市,元気ハツラツ！出張測定,,,,,,https://www.okazaki-fukushi.or.jp/koureisha/76345.html,,,シニア,,,2026/08/03,2026/08/03,13:30,15:00,,,,,,いつまでも元気に生活するために自分の健康について数値で確認しましょう。  ７月、８月は体力測定です。握力・５回立ち上がりテストを測定します。定期的にご自身の身体の健康状態を確認する事は大切な事です。相談や質問も受け付けます。お気軽にお立ち寄り下さい。,,,,,,,,,,,,,東部地域福祉センター「とはなす東部」,,232025,,愛知県岡崎市山綱町中柴1,愛知県,岡崎市,山綱町中柴,1,,34.896941,137.248912,,,,,,,,,,,,,,,,,,,,,https://www.okazaki-fukushi.or.jp/koureisha/76345.html,,,,,,,,
232025,,KN0000000172,愛知県岡崎市,岡崎城・三河武士のやかた家康館　夏休み歴史クイズ！,,,,,,https://okazaki-kanko.jp/okazaki-park/program/4792,,,芸術＆文化,,,2026/07/18,2026/08/31,09:00,16:00,,,,,,展示を題材とした、小学生対象の夏休み期間限定歴史クイズ。,,,,,,,,,,,,,岡崎城公園,,232025,,愛知県岡崎市康生町561-1,愛知県,岡崎市,康生町,561-1,,34.957677,137.159097,,,,,,,,,,,,,,,,,,,,,https://okazaki-kanko.jp/okazaki-park/program/4792,,,,,,,,
232025,,KN0000000173,愛知県岡崎市,聴覚障がい者生活講座,,,,,,https://fukushi-okazaki.jp/yuuainoie/event,,,その他,,,2026/08/02,2026/08/02,13:00,15:00,,,,,,ろう者（聴覚障がい者）のための講座、今回は「リボンレイ」作り,,,,,,,,,,,,,友愛の家,,232025,,愛知県岡崎市欠町清水田6-2,愛知県,岡崎市,欠町清水田,6-2,,34.956823,137.19168,,,,,,,,,,,,,,,2026/08/01,,,,,,https://fukushi-okazaki.jp/yuuainoie/event,,,,,,,,
232025,,KN0000000178,愛知県岡崎市,若き日の肖像～リヒャルト・シュトラウス　ピアノ室内楽作品集～,,,,,,https://www.civic.okazaki.aichi.jp/events/event/20261121usida/#gsc.tab=0,,,芸術＆文化,,,2026/11/21,2026/11/21,15:00,,,,,,,ピアニスト牛田智大プロジェクト。同世代の音楽家たちとオールR.シュトラウスのプログラムをおとどけします。,,,,,,,,,,,,,シビックセンター,,232025,,愛知県岡崎市羽根町貴登野15,愛知県,岡崎市,羽根町貴登野,15,,34.930184,137.159988,,,,,,,,,,,,,,,,,,,,,https://www.civic.okazaki.aichi.jp/events/event/20261121usida/#gsc.tab=0,,,,,,,,
232025,,KN0000000184,愛知県岡崎市,明日から使えるChatGPT仕事活用セミナー,,,,,,https://okazaki-smeworkersupportcenter.jp/event_tag/course/,,,その他,,,2026/08/18,2026/08/18,15:00,17:00,,,,,,初歩的なことから学び、自分の仕事をChatGPTに任せられる感覚を体験するセミナー,,,,,,,,,,,,,岡崎市中小企業・勤労者支援センター,,232025,,愛知県岡崎市羽根町小豆坂117-3,愛知県,岡崎市,羽根町小豆坂,117-3,,34.924283,137.178505,,,,,,,,,,,,,,,2026/08/11,,,,,,https://okazaki-smeworkersupportcenter.jp/event_tag/course/,,,,,,,,
232025,,KN0000000185,愛知県岡崎市,コンサルが知られたくないChatGPT仕事活用セミナー,,,,,,https://okazaki-smeworkersupportcenter.jp/event_tag/course/,,,その他,,,2026/09/15,2026/09/15,15:00,17:00,,,,,,ChatGPTと他のAIの組み合わせ方法や仕事でつかえるプロンプトの応用編「便利ツール」から「思考エンジン」へ進化させるセミナーです。,,,,,,,,,,,,,岡崎市中小企業・勤労者支援センター,,232025,,愛知県岡崎市羽根町小豆坂117-3,愛知県,岡崎市,羽根町小豆坂,117-3,,34.924283,137.178505,,,,,,,,,,,,,,,2026/10/01,,,,,,https://okazaki-smeworkersupportcenter.jp/event_tag/course/,,,,,,,,
232025,,KN0000000187,愛知県岡崎市,夏休み1日講座～学芸員と考える「岡崎城」自由研究1日講座～,,,,,,https://okazaki-kanko.jp/okazaki-park/program/5220,,,芸術＆文化,,,2026/08/09,2026/08/09,10:00,11:30,,,,,,小学3年～6年生を対象に夏休みの自由研究のサポートをします。,,,,,,,,,,,,,岡崎城公園,,232025,,愛知県岡崎市康生町561-1,愛知県,岡崎市,康生町,561-1,,34.957677,137.159097,,,,,,,,,,,,,,,2026/08/02,,,,,,https://okazaki-kanko.jp/okazaki-park/program/5220,,,,,,,,
232025,,KN0000000189,愛知県岡崎市,第30回甲山落語会,,,,,,https://shiminkaikan.com/event/2026/09/30.html,,,芸術＆文化,,,2026/09/22,2026/09/22,14:00,,,,,,,誰もが気軽に楽しめる落語会を開催。,,,,,,,,,,,,,岡崎市民会館・甲山閣,,232025,,愛知県岡崎市六供町出崎15-1,愛知県,岡崎市,六供町出崎,15-1,,34.962545,137.168076,,,,,,,,,,,,,,,,,,,,,https://shiminkaikan.com/event/2026/09/30.html,,,,,,,,
232025,,KN0000000190,愛知県岡崎市,竜城の間開放事業,,,,,,https://shiminkaikan.com/event/2026/08/post-56.html,,,その他,,,2026/08/04,2026/08/06,09:30,16:30,,,,,,学習スペースとして部屋を開放します。（フリーWi-Fiあり）,,,,,,,,,,,,,岡崎市民会館・甲山閣,,232025,,愛知県岡崎市六供町出崎15-1,愛知県,岡崎市,六供町出崎,15-1,,34.962545,137.168076,,,,,,,,,,,,,,,,,,,,,https://shiminkaikan.com/event/2026/08/post-56.html,,,,,,,,
232025,,KN0000000204,愛知県岡崎市,女性のためのストレッチ教室,,,,,,https://shiminkaikan.com/lesson/2026/11/11.html,,,その他,,,2026/11/03,2026/11/03,13:30,15:30,,,,,,女性を対象としたストレッチ講座,,,,,,,,,,,,,岡崎市民会館・甲山閣,,232025,,愛知県岡崎市六供町出崎15-1,愛知県,岡崎市,六供町出崎,15-1,,34.962545,137.168076,,,,,,,,,,,,,,,,,,,,,https://shiminkaikan.com/lesson/2026/11/11.html,,,,,,,,
232025,,KN0000000199,愛知県岡崎市,女性のためのストレッチ教室,,,,,,https://shiminkaikan.com/lesson/2026/10/10.html,,,その他,,,2026/10/06,2026/10/06,13:30,15:00,,,,,,女性を対象としたストレッチ講座,,,,,,,,,,,,,岡崎市民会館・甲山閣,,232025,,愛知県岡崎市六供町出崎15-1,愛知県,岡崎市,六供町出崎,15-1,,34.962545,137.168076,,,,,,,,,,,,,,,,,,,,,https://shiminkaikan.com/lesson/2026/10/10.html,,,,,,,,
232025,,KN0000000195,愛知県岡崎市,女性のためのストレッチ教室,,,,,,https://shiminkaikan.com/lesson/2026/09/9.html,,,その他,,,2026/09/01,2026/09/01,13:30,15:00,,,,,,女性のためのストレッチ教室,,,,,,,,,,,,,岡崎市民会館・甲山閣,,232025,,愛知県岡崎市六供町出崎15-1,愛知県,岡崎市,六供町出崎,15-1,,34.962545,137.168076,,,,,,,,,,,,,,,,,,,,,https://shiminkaikan.com/lesson/2026/09/9.html,,,,,,,,
232025,,KN0000000191,愛知県岡崎市,女性のためのストレッチ教室,,,,,,https://shiminkaikan.com/lesson/2026/08/post-99.html,,,その他,,,2026/08/04,2026/08/04,13:30,15:00,,,,,,女性を対象としたストレッチ講座,,,,,,,,,,,,,岡崎市民会館・甲山閣,,232025,,愛知県岡崎市六供町出崎15-1,愛知県,岡崎市,六供町出崎,15-1,,34.962545,137.168076,,,,,,,,,,,,,,,,,,,,,https://shiminkaikan.com/lesson/2026/08/post-99.html,,,,,,,,
232025,,KN0000000209,愛知県岡崎市,とはなす岡崎　ECOティチャー①食品ごみをなくそう大作戦！②実験＆コースターづくり,,,,,,https://www.okazaki-fukushi.or.jp/?p=76571&preview=true,,,その他,,,2026/07/30,2026/07/31,,,,,,,,環境学習講座　小学生に対して、①食品ロスについて学ぶ②水の大切さを考える,,,,,,,,,,,,,高年者センター岡崎「とはなす岡崎」,,232025,,愛知県岡崎市美合町下長根2-1,愛知県,岡崎市,美合町下長根,2-1,,34.92176,137.184133,,,,,,,,,,,,,,,,,,,,,https://www.okazaki-fukushi.or.jp/?p=76571&preview=true,,,,,,,,
232025,,KN0000000210,愛知県岡崎市,みんなの昆虫展,,,,,,https://okazaki-kanko.jp/mizutomidori/shizen-taiken/program/4358,,,パーク＆ネイチャー,,,2026/08/01,2026/08/01,09:30,12:00,,,,,,8/15（土）「みんなの昆虫展」完成披露会とセット参加です。【雨天決行】,,,,,,,,,,,,,おかざき自然体験の森,,232025,,愛知県岡崎市八ツ木町池ノ上10,愛知県,岡崎市,八ツ木町池ノ上,10,,35.015372,137.181139,,,,,,,,,,,,,,,2026/07/15,,,,,,https://okazaki-kanko.jp/mizutomidori/shizen-taiken/program/4358,,,,,,,,
232025,,KN0000000211,愛知県岡崎市,「みんなの昆虫展」完成披露会,,,,,,https://okazaki-kanko.jp/mizutomidori/shizen-taiken/program/4358,,,パーク＆ネイチャー,,,2026/08/15,2026/08/15,13:30,15:00,,,,,,＊8/1（土）「みんなの昆虫展」オープンデイ【調査開始日】とセット参加です。【雨天決行】,,,,,,,,,,,,,おかざき自然体験の森,,232025,,愛知県岡崎市八ツ木町池ノ上10,愛知県,岡崎市,八ツ木町池ノ上,10,,35.015372,137.181139,,,,,,,,,,,,,,,2026/07/15,,,,,,https://okazaki-kanko.jp/mizutomidori/shizen-taiken/program/4358,,,,,,,,
232025,,KN0000000212,愛知県岡崎市,夏休み特集「昆虫標本づくり教室」,,,,,,https://okazaki-kanko.jp/mizutomidori/shizen-taiken/program/4358,,,パーク＆ネイチャー,,,2026/08/06,2026/08/06,10:00,11:30,,,,,,【雨天決行】,,,,,,,,,,,,,おかざき自然体験の森,,232025,,愛知県岡崎市八ツ木町池ノ上10,愛知県,岡崎市,八ツ木町池ノ上,10,,35.015372,137.181139,,,,,,,,,,,,,,,2026/07/15,,,,,,https://okazaki-kanko.jp/mizutomidori/shizen-taiken/program/4358,,,,,,,,
232025,,KN0000000213,愛知県岡崎市,昔ながらの稲作体験 「田んぼのかかし作り」,,,,,,https://okazaki-kanko.jp/mizutomidori/shizen-taiken/program/273,,,パーク＆ネイチャー,,,2026/08/08,2026/08/08,09:30,12:00,,,,,,雨天決行,,,,,,,,,,,,,おかざき自然体験の森,,232025,,愛知県岡崎市八ツ木町池ノ上10,愛知県,岡崎市,八ツ木町池ノ上,10,,35.015372,137.181139,,,,,,,,,,,,,,,2026/07/15,,,,,,https://okazaki-kanko.jp/mizutomidori/shizen-taiken/program/273,,,,,,,,
232025,,KN0000000214,愛知県岡崎市,たけのこ「竹細工教室」(AM・PM2部制),,,,,,https://okazaki-kanko.jp/mizutomidori/shizen-taiken/program/269,,,パーク＆ネイチャー,,,2026/08/10,2026/08/10,09:00,16:00,,,,,,AMの部9:00-12:00、PMの部13:00-16:00の2部制です。各回雨天決行。,,,,,,,,,,,,,おかざき自然体験の森,,232025,,愛知県岡崎市八ツ木町池ノ上10,愛知県,岡崎市,八ツ木町池ノ上,10,,35.015372,137.181139,,,,,,,,,,,,,,,,,,,,,https://okazaki-kanko.jp/mizutomidori/shizen-taiken/program/269,,,,,,,,
232025,,KN0000000215,愛知県岡崎市,たけのこ「竹細工教室」(AM・PM2部制),,,,,,https://okazaki-kanko.jp/mizutomidori/shizen-taiken/program/269,,,パーク＆ネイチャー,,,2026/08/24,2026/08/24,09:00,16:00,,,,,,AMの部9:00-12:00、PMの部13:00-16:00の2部制です。各回雨天決行。,,,,,,,,,,,,,おかざき自然体験の森,,232025,,愛知県岡崎市八ツ木町池ノ上10,愛知県,岡崎市,八ツ木町池ノ上,10,,35.015372,137.181139,,,,,,,,,,,,,,,,,,,,,https://okazaki-kanko.jp/mizutomidori/shizen-taiken/program/269,,,,,,,,
232025,,KN0000000216,愛知県岡崎市,わらぞうり作り体験,,,,,,https://okazaki-kanko.jp/mizutomidori/shizen-taiken/program/264,,,パーク＆ネイチャー,,,2026/08/13,2026/08/13,09:30,12:30,,,,,, 雨天決行,,,,,,,,,,,,,おかざき自然体験の森,,232025,,愛知県岡崎市八ツ木町池ノ上10,愛知県,岡崎市,八ツ木町池ノ上,10,,35.015372,137.181139,,,,,,,,,,,,,,,2026/08/12,,,,,,https://okazaki-kanko.jp/mizutomidori/shizen-taiken/program/264,,,,,,,,
232025,,KN0000000217,愛知県岡崎市,竹ぼうき作り体験,,,,,,https://okazaki-kanko.jp/mizutomidori/shizen-taiken/program/265,,,パーク＆ネイチャー,,,2026/08/20,2026/08/20,09:30,12:00,,,,,,雨天決行,,,,,,,,,,,,,おかざき自然体験の森,,232025,,愛知県岡崎市八ツ木町池ノ上10,愛知県,岡崎市,八ツ木町池ノ上,10,,35.015372,137.181139,,,,,,,,,,,,,,,2026/08/19,,,,,,https://okazaki-kanko.jp/mizutomidori/shizen-taiken/program/265,,,,,,,,
232025,,KN0000000218,愛知県岡崎市,いきもり実践隊（ビオトープ整備ボランティア活動）,,,,,,https://okazaki-kanko.jp/mizutomidori/shizen-taiken/program/258,,,パーク＆ネイチャー,,,2026/08/15,2026/08/15,09:00,12:00,,,,,,雨天中止,,,,,,,,,,,,,おかざき自然体験の森,,232025,,愛知県岡崎市八ツ木町池ノ上10,愛知県,岡崎市,八ツ木町池ノ上,10,,35.015372,137.181139,,,,,,,,,,,,,,,2026/08/15,,,,,,https://okazaki-kanko.jp/mizutomidori/shizen-taiken/program/258,,,,,,,,
232025,,KN0000000219,愛知県岡崎市,昔ながらの農業体験 「さつま芋畑の手入れと試し掘り」,,,,,,https://okazaki-kanko.jp/mizutomidori/shizen-taiken/program/3181,,,パーク＆ネイチャー,,,2026/08/22,2026/08/22,09:30,12:00,,,,,,雨天中止,,,,,,,,,,,,,おかざき自然体験の森,,232025,,愛知県岡崎市八ツ木町池ノ上10,愛知県,岡崎市,八ツ木町池ノ上,10,,35.015372,137.181139,,,,,,,,,,,,,,,2026/07/15,,,,,,https://okazaki-kanko.jp/mizutomidori/shizen-taiken/program/3181,,,,,,,,
232025,,KN0000000220,愛知県岡崎市,森の畑俱楽部「のこぎりで竹カップづくりと 森の畑の草とり」,,,,,,https://okazaki-kanko.jp/mizutomidori/shizen-taiken/program/266,,,パーク＆ネイチャー,,,2026/08/22,2026/08/22,09:30,12:00,,,,,,雨天決行,,,,,,,,,,,,,おかざき自然体験の森,,232025,,愛知県岡崎市八ツ木町池ノ上10,愛知県,岡崎市,八ツ木町池ノ上,10,,35.015372,137.181139,,,,,,,,,,,,,,,2026/08/21,,,,,,https://okazaki-kanko.jp/mizutomidori/shizen-taiken/program/266,,,,,,,,
232025,,KN0000000221,愛知県岡崎市,森のこだま「竹飯盒ランチ」 ,,,,,,https://okazaki-kanko.jp/mizutomidori/shizen-taiken/program/267,,,パーク＆ネイチャー,,,2026/08/22,2026/08/22,09:30,14:00,,,,,,竹飯ごうでご飯炊き、竹で食器などを作ります。少雨決行。,,,,,,,,,,,,,おかざき自然体験の森,,232025,,愛知県岡崎市八ツ木町池ノ上10,愛知県,岡崎市,八ツ木町池ノ上,10,,35.015372,137.181139,,,,,,,,,,,,,,,2026/08/21,,,,,,https://okazaki-kanko.jp/mizutomidori/shizen-taiken/program/267,,,,,,,,
232025,,KN0000000222,愛知県岡崎市,里山保全ボランティア活動,,,,,,https://okazaki-kanko.jp/mizutomidori/shizen-taiken/program/259,,,パーク＆ネイチャー,,,2026/08/23,2026/08/23,09:00,12:00,,,,,,雨天中止,,,,,,,,,,,,,おかざき自然体験の森,,232025,,愛知県岡崎市八ツ木町池ノ上10,愛知県,岡崎市,八ツ木町池ノ上,10,,35.015372,137.181139,,,,,,,,,,,,,,,2026/08/23,,,,,,https://okazaki-kanko.jp/mizutomidori/shizen-taiken/program/259,,,,,,,,
232025,,KN0000000223,愛知県岡崎市,お茶畑整備ボランティア,,,,,,https://okazaki-kanko.jp/mizutomidori/shizen-taiken/program/260,,,パーク＆ネイチャー,,,2026/08/26,2026/08/26,09:30,12:00,,,,,,雨天中止,,,,,,,,,,,,,おかざき自然体験の森,,232025,,愛知県岡崎市八ツ木町池ノ上10,愛知県,岡崎市,八ツ木町池ノ上,10,,35.015372,137.181139,,,,,,,,,,,,,,,2026/08/26,,,,,,https://okazaki-kanko.jp/mizutomidori/shizen-taiken/program/260,,,,,,,,
232025,,KN0000000224,愛知県岡崎市,夏の水まつりⅡ[流しそうめん体験],,,,,,https://okazaki-kanko.jp/mizutomidori/shizen-taiken/program/4374,,,パーク＆ネイチャー,,,2026/08/29,2026/08/29,09:30,12:00,,,,,,雨天中止,,,,,,,,,,,,,おかざき自然体験の森,,232025,,愛知県岡崎市八ツ木町池ノ上10,愛知県,岡崎市,八ツ木町池ノ上,10,,35.015372,137.181139,,,,,,,,,,,,,,,2026/07/15,,,,,,https://okazaki-kanko.jp/mizutomidori/shizen-taiken/program/4374,,,,,,,,
232025,,KN0000000313,愛知県岡崎市,第21回サマーコンサート,,,,,,https://www.okazaki-fukushi.or.jp/koureisha/78254.html,,,その他,,,2026/08/07,2026/08/07,,,,,,,,岡崎市立竜南中学校 オーケストラ部による演奏会,,,,,,,,,,,,,高年者センター岡崎「とはなす岡崎」,,232025,,愛知県岡崎市美合町下長根2-1,愛知県,岡崎市,美合町下長根,2-1,,34.92176,137.184133,,,,,,,,,,,,,,,,,,,,,https://www.okazaki-fukushi.or.jp/koureisha/78254.html,,,,,,,,
